section,page,row,model,quality,brand,pdf_prices,note,pdf_source
iphone,1,5,X,INCELL FHD,HL,$180 MXN / $175 MXN / $170 MXN / $165 MXN / $155 MXN,Tamaño original,p1 r5: X | INCELL FHD
iphone,1,6,XS,INCELL FHD,HL,$180 MXN / $175 MXN / $170 MXN / $165 MXN / $155 MXN,Tamaño original,p1 r6: XS | INCELL FHD
iphone,1,7,XR Bolsa Protectora,INCELL FHD,HL,$160 MXN / $155 MXN / $150 MXN / $145 MXN / $140 MXN,Tamaño original,p1 r7: XR Bolsa Protectora | INCELL FHD
iphone,1,8,XR,INCELL FHD,HL,$180 MXN / $175 MXN / $170 MXN / $165 MXN / $155 MXN,Tamaño original,p1 r8: XR | INCELL FHD
iphone,1,9,11 Bolsa Protectora,INCELL FHD,HL,$160 MXN / $155 MXN / $150 MXN / $145 MXN / $140 MXN,Tamaño original,p1 r9: 11 Bolsa Protectora | INCELL FHD
iphone,1,10,11,INCELL FHD,HL,$180 MXN / $175 MXN / $170 MXN / $165 MXN / $155 MXN,Tamaño original,p1 r10: 11 | INCELL FHD
iphone,1,11,11PRO,INCELL FHD,HL,$200 MXN / $190 MXN / $185 MXN / $180 MXN / $175 MXN,Tamaño original,p1 r11: 11PRO | INCELL FHD
iphone,1,12,XS MAX,INCELL FHD,HL,$200 MXN / $190 MXN / $185 MXN / $180 MXN / $175 MXN,Tamaño original,p1 r12: XS MAX | INCELL FHD
iphone,1,13,XS MAX,OLED PREMIUM,HL,$580 MXN / $570 MXN / $560 MXN / $550 MXN / $540 MXN,Tamaño original,p1 r13: XS MAX | OLED PREMIUM
iphone,1,14,11PRO MAX,INCELL FHD,HL,$220 MXN / $210 MXN / $200 MXN / $195 MXN / $190 MXN,Tamaño original,p1 r14: 11PRO MAX | INCELL FHD
iphone,1,15,11PRO MAX,OLED PREMIUM,HL,$600 MXN / $590 MXN / $580 MXN / $550 MXN / $535 MXN,Tamaño original,p1 r15: 11PRO MAX | OLED PREMIUM
iphone,1,16,12mini,INCELL FHD,HL,$230 MXN / $220 MXN / $210 MXN / $200 MXN / $195 MXN,Tamaño original,p1 r16: 12mini | INCELL FHD
iphone,1,17,12/12PRO,INCELL FHD,HL,$220 MXN / $210 MXN / $200 MXN / $195 MXN / $190 MXN,Tamaño original,p1 r17: 12/12PRO | INCELL FHD
iphone,1,18,12/12PRO,OLED PREMIUM,HL,$650 MXN / $640 MXN / $630 MXN / $615 MXN / $600 MXN,Tamaño original,p1 r18: 12/12PRO | OLED PREMIUM
iphone,1,19,12PRO MAX,INCELL FHD,HL,$250 MXN / $240 MXN / $235 MXN / $230 MXN / $220 MXN,Tamaño original,p1 r19: 12PRO MAX | INCELL FHD
iphone,1,20,12PRO MAX,OLED PREMIUM,HL,$700 MXN / $680 MXN / $650 MXN / $630 MXN / $600 MXN,Tamaño original,p1 r20: 12PRO MAX | OLED PREMIUM
iphone,1,21,13 mini,INCELL FHD,HL,$260 MXN / $250 MXN / $245 MXN / $240 MXN / $235 MXN,Tamaño original,p1 r21: 13 mini | INCELL FHD
iphone,1,22,13,INCELL FHD,HL,$250 MXN / $245 MXN / $240 MXN / $235 MXN / $230 MXN,Tamaño original,p1 r22: 13 | INCELL FHD
iphone,1,23,13,OLED PREMIUM,HL,$730 MXN / $700 MXN / $680 MXN / $650 MXN / $600 MXN,Tamaño original,p1 r23: 13 | OLED PREMIUM
iphone,1,24,13PRO,INCELL FHD,HL,$300 MXN / $290 MXN / $285 MXN / $280 MXN / $275 MXN,Tamaño original,p1 r24: 13PRO | INCELL FHD
iphone,1,25,13PRO,OLED PREMIUM,HL,$780 MXN / $760 MXN / $750 MXN / $730 MXN / $700 MXN,Tamaño original,p1 r25: 13PRO | OLED PREMIUM
iphone,1,26,13PRO MAX,INCELL FHD,HL,$350 MXN / $340 MXN / $335 MXN / $330 MXN / $325 MXN,Tamaño original,p1 r26: 13PRO MAX | INCELL FHD
iphone,1,27,13PRO MAX,OLED PREMIUM,HL,$800 MXN / $780 MXN / $760 MXN / $750 MXN / $700 MXN,Tamaño original,p1 r27: 13PRO MAX | OLED PREMIUM
iphone,1,28,14,INCELL FHD,HL,$260 MXN / $250 MXN / $245 MXN / $240 MXN / $230 MXN,Tamaño original,p1 r28: 14 | INCELL FHD
iphone,1,29,14,OLED PREMIUM,HL,$700 MXN / $680 MXN / $650 MXN / $630 MXN / $600 MXN,Tamaño original,p1 r29: 14 | OLED PREMIUM
iphone,1,30,14,SOFT OLED PREMIUM,HL,"$1,000 MXN / $950 MXN / $900 MXN / $850 MXN / $800 MXN",Tamaño original,p1 r30: 14 | SOFT OLED PREMIUM
iphone,1,31,14 plus,INCELL FHD,HL,$300 MXN / $290 MXN / $280 MXN / $275 MXN / $265 MXN,Tamaño original,p1 r31: 14 plus | INCELL FHD
iphone,1,32,14 plus,OLED PREMIUM,HL,$900 MXN / $880 MXN / $850 MXN / $830 MXN / $800 MXN,Tamaño original,p1 r32: 14 plus | OLED PREMIUM
iphone,1,33,14 plus,SOFT OLED PREMIUM,HL,"$1,200 MXN / $1,150 MXN / $1,100 MXN / $1,050 MXN / $1,000 MXN",Tamaño original,p1 r33: 14 plus | SOFT OLED PREMIUM
iphone,1,34,14PRO,INCELL FHD,HL,$350 MXN / $340 MXN / $330 MXN / $320 MXN / $310 MXN,Tamaño original,p1 r34: 14PRO | INCELL FHD
iphone,1,35,14PRO,SOFT OLED PREMIUM,HL,"$1,200 MXN / $1,150 MXN / $1,100 MXN / $1,050 MXN / $1,000 MXN",Tamaño original,p1 r35: 14PRO | SOFT OLED PREMIUM
iphone,1,36,14PRO MAX,INCELL FHD,HL,$380 MXN / $350 MXN / $340 MXN / $330 MXN / $310 MXN,Tamaño original,p1 r36: 14PRO MAX | INCELL FHD
iphone,1,37,14PRO MAX,OLED PREMIUM,HL,"$1,000 MXN / $950 MXN / $900 MXN / $850 MXN / $800 MXN",Tamaño original,p1 r37: 14PRO MAX | OLED PREMIUM
iphone,1,38,15,INCELL FHD,HL,$300 MXN / $290 MXN / $285 MXN / $280 MXN / $275 MXN,Tamaño original,p1 r38: 15 | INCELL FHD
iphone,1,39,15,SOFT OLED PREMIUM,HL,"$1,200 MXN / $1,150 MXN / $1,100 MXN / $1,050 MXN / $1,000 MXN",Tamaño original,p1 r39: 15 | SOFT OLED PREMIUM
iphone,1,40,15 plus,INCELL FHD,HL,$330 MXN / $310 MXN / $300 MXN / $290 MXN / $275 MXN,Tamaño original,p1 r40: 15 plus | INCELL FHD
iphone,1,41,15PRO,INCELL FHD,HL,$350 MXN / $340 MXN / $335 MXN / $330 MXN / $320 MXN,Tamaño original,p1 r41: 15PRO | INCELL FHD
iphone,1,42,15PRO,SOFT OLED PREMIUM,HL,"$1,300 MXN / $1,250 MXN / $1,200 MXN / $1,150 MXN / $1,100 MXN",Tamaño original,p1 r42: 15PRO | SOFT OLED PREMIUM
iphone,1,43,15PRO MAX,INCELL FHD,HL,$400 MXN / $380 MXN / $370 MXN / $350 MXN / $330 MXN,Tamaño original,p1 r43: 15PRO MAX | INCELL FHD
iphone,1,44,15PRO MAX,OLED PREMIUM,HL,"$1,200 MXN / $1,100 MXN / $1,000 MXN / $900 MXN / $850 MXN",Tamaño original,p1 r44: 15PRO MAX | OLED PREMIUM
iphone,1,45,16,INCELL FHD,HL,$400 MXN / $380 MXN / $350 MXN / $330 MXN / $320 MXN,Tamaño original,p1 r45: 16 | INCELL FHD
iphone,1,46,16E,INCELL FHD,HL,$400 MXN / $380 MXN / $350 MXN / $330 MXN / $320 MXN,Tamaño original,p1 r46: 16E | INCELL FHD
iphone,1,47,16E,OLED PREMIUM,HL,$750 MXN / $720 MXN / $700 MXN / $670 MXN / $650 MXN,Tamaño original,p1 r47: 16E | OLED PREMIUM
iphone,1,48,16PLUS,INCELL FHD,HL,$400 MXN / $380 MXN / $360 MXN / $350 MXN / $330 MXN,Tamaño original,p1 r48: 16PLUS | INCELL FHD
iphone,1,49,16PRO,INCELL FHD,HL,$700 MXN / $680 MXN / $660 MXN / $650 MXN / $620 MXN,Tamaño original,p1 r49: 16PRO | INCELL FHD
iphone,1,50,16PRO,OLED PREMIUM,HL,"$1,300 MXN / $1,250 MXN / $1,200 MXN / $1,150 MXN / $1,100 MXN",Tamaño original,p1 r50: 16PRO | OLED PREMIUM
iphone,1,51,16 PROMAX,OLED PREMIUM,HL,"$1,400 MXN / $1,350 MXN / $1,300 MXN / $1,250 MXN / $1,200 MXN",Tamaño original,p1 r51: 16 PROMAX | OLED PREMIUM
iphone,1,52,16 PROMAX,SOFT OLED PREMIUM,HL,"$2,000 MXN / $1,950 MXN / $1,900 MXN / $1,850 MXN / $1,800 MXN",Tamaño original,p1 r52: 16 PROMAX | SOFT OLED PREMIUM
iphone,1,53,16 PROMAX,INCELL FHD,HL,$750 MXN / $730 MXN / $700 MXN / $680 MXN / $650 MXN,Tamaño original,p1 r53: 16 PROMAX | INCELL FHD
iphone,1,54,17,INCELL FHD,HL,"$1,000 MXN / $950 MXN / $920 MXN / $900 MXN / $850 MXN",Tamaño original,p1 r54: 17 | INCELL FHD
iphone,1,55,17PRO,INCELL FHD,HL,$850 MXN / $800 MXN / $755 MXN / $750 MXN / $700 MXN,Tamaño original,p1 r55: 17PRO | INCELL FHD
iphone,1,56,17 AIR,INCELL FHD,HL,"$2,500 MXN / $2,400 MXN / $2,300 MXN / $2,200 MXN / $2,100 MXN",Tamaño original,p1 r56: 17 AIR | INCELL FHD
iphone,1,57,17E,INCELL FHD,HL,$850 MXN / $800 MXN / $750 MXN / $700 MXN / $650 MXN,Tamaño original,p1 r57: 17E | INCELL FHD
iphone,1,58,17 PROMAX,INCELL FHD,HL,$900 MXN / $850 MXN / $805 MXN / $800 MXN / $750 MXN,Tamaño original,p1 r58: 17 PROMAX | INCELL FHD
iphone-diagnostica,1,62,XSMAX,DIAGNOTICO HARD OLED,HAODE,"$1,000 MXN / $950 MXN / $900 MXN / $850 MXN / $800 MXN",Tamaño original,p1 r62: XSMAX | DIAGNOTICO HARD OLED
iphone-diagnostica,1,63,11PROMAX,DIAGNOTICO HARD OLED,HAODE,"$1,000 MXN / $950 MXN / $900 MXN / $850 MXN / $800 MXN",Tamaño original,p1 r63: 11PROMAX | DIAGNOTICO HARD OLED
iphone-diagnostica,1,64,12/12PRO,DIAGNOTICO HARD OLED,HAODE,"$1,000 MXN / $950 MXN / $900 MXN / $850 MXN / $800 MXN",Tamaño original,p1 r64: 12/12PRO | DIAGNOTICO HARD OLED
iphone-diagnostica,1,65,12PROMAX,DIAGNOTICO HARD OLED,HAODE,"$1,200 MXN / $1,050 MXN / $1,100 MXN / $1,050 MXN / $1,000 MXN",Tamaño original,p1 r65: 12PROMAX | DIAGNOTICO HARD OLED
iphone-diagnostica,1,66,12MINI,DIAGNOTICO HARD OLED,HAODE,"$1,300 MXN / $1,250 MXN / $1,200 MXN / $1,150 MXN / $1,050 MXN",,p1 r66: 12MINI | DIAGNOTICO HARD OLED
iphone-diagnostica,1,67,13,DIAGNOTICO SOFT OLED,HAODE,"$1,200 MXN / $1,050 MXN / $1,100 MXN / $1,050 MXN / $1,000 MXN",Tamaño original,p1 r67: 13 | DIAGNOTICO SOFT OLED
iphone-diagnostica,1,68,13PRO,DIAGNOTICO SOFT OLED,HAODE,"$1,300 MXN / $1,250 MXN / $1,200 MXN / $1,150 MXN / $1,050 MXN",Tamaño original,p1 r68: 13PRO | DIAGNOTICO SOFT OLED
iphone-diagnostica,1,69,13PROMAX,DIAGNOTICO SOFT OLED,HAODE,"$1,400 MXN / $1,350 MXN / $1,300 MXN / $1,250 MXN / $1,200 MXN",Tamaño original,p1 r69: 13PROMAX | DIAGNOTICO SOFT OLED
iphone-diagnostica,1,70,14,DIAGNOTICO SOFT OLED,HAODE,"$1,300 MXN / $1,250 MXN / $1,200 MXN / $1,150 MXN / $1,050 MXN",Tamaño original,p1 r70: 14 | DIAGNOTICO SOFT OLED
iphone-diagnostica,1,71,14PRO,DIAGNOTICO SOFT OLED,HAODE,"$1,500 MXN / $1,450 MXN / $1,400 MXN / $1,350 MXN / $1,250 MXN",Tamaño original,p1 r71: 14PRO | DIAGNOTICO SOFT OLED
iphone-diagnostica,1,72,14PROMAX,DIAGNOTICO SOFT OLED,HAODE,"$1,600 MXN / $1,550 MXN / $1,500 MXN / $1,450 MXN / $1,400 MXN",Tamaño original,p1 r72: 14PROMAX | DIAGNOTICO SOFT OLED
iphone-diagnostica,1,73,14PLUS,DIAGNOTICO SOFT OLED,HAODE,"$1,500 MXN / $1,450 MXN / $1,400 MXN / $1,350 MXN / $1,250 MXN",Tamaño original,p1 r73: 14PLUS | DIAGNOTICO SOFT OLED
iphone-diagnostica,1,74,15,DIAGNOTICO SOFT OLED,HAODE,"$1,600 MXN / $1,550 MXN / $1,500 MXN / $1,450 MXN / $1,300 MXN",Tamaño original,p1 r74: 15 | DIAGNOTICO SOFT OLED
iphone-diagnostica,1,75,15PRO,DIAGNOTICO SOFT OLED,HAODE,"$1,700 MXN / $1,650 MXN / $1,600 MXN / $1,550 MXN / $1,500 MXN",Tamaño original,p1 r75: 15PRO | DIAGNOTICO SOFT OLED
iphone-diagnostica,1,76,15PROMAX,DIAGNOTICO SOFT OLED,HAODE,"$2,000 MXN / $1,950 MXN / $1,900 MXN / $1,850 MXN / $1,700 MXN",Tamaño original,p1 r76: 15PROMAX | DIAGNOTICO SOFT OLED
iphone-diagnostica,1,77,15PLUS,DIAGNOTICO SOFT OLED,HAODE,"$2,000 MXN / $1,950 MXN / $1,900 MXN / $1,850 MXN / $1,700 MXN",Tamaño original,p1 r77: 15PLUS | DIAGNOTICO SOFT OLED
iphone-diagnostica,1,78,16E,DIAGNOTICO SOFT OLED,HAODE,"$1,800 MXN / $1,750 MXN / $1,700 MXN / $1,650 MXN / $1,550 MXN",Tamaño original,p1 r78: 16E | DIAGNOTICO SOFT OLED
iphone-diagnostica,1,79,16,DIAGNOTICO SOFT OLED,HAODE,"$2,000 MXN / $1,950 MXN / $1,900 MXN / $1,850 MXN / $1,700 MXN",Tamaño original,p1 r79: 16 | DIAGNOTICO SOFT OLED
iphone-diagnostica,1,80,16PRO,DIAGNOTICO HARD OLED,HAODE,"$2,300 MXN / $2,250 MXN / $2,200 MXN / $2,150 MXN / $2,000 MXN",Tamaño original,p1 r80: 16PRO | DIAGNOTICO HARD OLED
iphone-diagnostica,1,81,16PROMAX,DIAGNOTICO HARD OLED,HAODE,"$2,500 MXN / $2,450 MXN / $2,400 MXN / $2,350 MXN / $2,300 MXN",Tamaño original,p1 r81: 16PROMAX | DIAGNOTICO HARD OLED
iphone-diagnostica,1,82,16PLUS,DIAGNOTICO SOFT OLED,HAODE,"$2,500 MXN / $2,450 MXN / $2,400 MXN / $2,350 MXN / $2,200 MXN",Tamaño original,p1 r82: 16PLUS | DIAGNOTICO SOFT OLED
iphone-diagnostica,1,83,17,DIAGNOTICO HARD OLED,HAODE,"$2,500 MXN / $2,450 MXN / $2,400 MXN / $2,350 MXN / $2,300 MXN",Tamaño original,p1 r83: 17 | DIAGNOTICO HARD OLED
iphone-diagnostica,1,84,17PRO,DIAGNOTICO HARD OLED,HAODE,"$2,700 MXN / $2,650 MXN / $2,600 MXN / $2,550 MXN / $2,500 MXN",Tamaño original,p1 r84: 17PRO | DIAGNOTICO HARD OLED
iphone-diagnostica,1,85,17PROMAX,DIAGNOTICO HARD OLED,HAODE,"$3,000 MXN / $2,950 MXN / $2,900 MXN / $2,850 MXN / $2,700 MXN",Tamaño original,p1 r85: 17PROMAX | DIAGNOTICO HARD OLED
samsung,2,2,S8,INCELL FHD C/M,HL,$360 MXN / $350 MXN / $340 MXN / $320 MXN / $310 MXN,Pantalla completa,p2 r2: S8 | INCELL FHD C/M
samsung,2,3,S8+,INCELL FHD C/M,HL,$370 MXN / $360 MXN / $350 MXN / $340 MXN / $310 MXN,Pantalla completa,p2 r3: S8+ | INCELL FHD C/M
samsung,2,4,S9,INCELL FHD C/M,HL,$360 MXN / $350 MXN / $340 MXN / $320 MXN / $320 MXN,Pantalla completa,p2 r4: S9 | INCELL FHD C/M
samsung,2,5,S9 PLUS,INCELL FHD C/M,HL,$370 MXN / $360 MXN / $350 MXN / $340 MXN / $330 MXN,Pantalla completa,p2 r5: S9 PLUS | INCELL FHD C/M
samsung,2,6,S10,INCELL FHD C/M,HL,$380 MXN / $370 MXN / $360 MXN / $350 MXN / $340 MXN,Pantalla completa,p2 r6: S10 | INCELL FHD C/M
samsung,2,7,S10 PLUS,INCELL FHD C/M,HL,$380 MXN / $370 MXN / $360 MXN / $350 MXN / $400 MXN,Pantalla completa,p2 r7: S10 PLUS | INCELL FHD C/M
samsung,2,8,S10E,INCELL FHD C/M,HL,$600 MXN / $580 MXN / $570 MXN / $560 MXN / $520 MXN,Pantalla completa,p2 r8: S10E | INCELL FHD C/M
samsung,2,9,S10 LITE,INCELL FHD C/M,HL,$450 MXN / $420 MXN / $400 MXN / $380 MXN / $330 MXN,Pantalla completa,p2 r9: S10 LITE | INCELL FHD C/M
samsung,2,10,S20 4G,INCELL FHD C/M,HL,$470 MXN / $460 MXN / $450 MXN / $420 MXN / $400 MXN,Pantalla completa,p2 r10: S20 4G | INCELL FHD C/M
samsung,2,11,S20 5G,INCELL FHD C/M,HL,$470 MXN / $460 MXN / $450 MXN / $420 MXN / $400 MXN,Pantalla completa,p2 r11: S20 5G | INCELL FHD C/M
samsung,2,12,S20 PLUS,INCELL FHD C/M,HL,$550 MXN / $530 MXN / $520 MXN / $500 MXN / $470 MXN,Pantalla completa,p2 r12: S20 PLUS | INCELL FHD C/M
samsung,2,13,S20 PLUS,OLED PREMIUM C/M,HAODE,"$1,100 MXN / $1,050 MXN / $1,000 MXN / $950 MXN / $900 MXN",ACTUALIZACION AUTOMATICA,p2 r13: S20 PLUS | OLED PREMIUM C/M
samsung,2,14,S20FE,INCELL FHD C/M,HL,$350 MXN / $330 MXN / $320 MXN / $310 MXN / $290 MXN,Pantalla completa,p2 r14: S20FE | INCELL FHD C/M
samsung,2,15,S20 Ultra,INCELL FHD C/M,HL,$650 MXN / $620 MXN / $600 MXN / $580 MXN / $560 MXN,Pantalla completa,p2 r15: S20 Ultra | INCELL FHD C/M
samsung,2,16,S21,INCELL FHD C/M,HL,$800 MXN / $750 MXN / $700 MXN / $600 MXN / $550 MXN,Pantalla completa,p2 r16: S21 | INCELL FHD C/M
samsung,2,17,S21 FE,INCELL FHD C/M,HL,$400 MXN / $380 MXN / $370 MXN / $360 MXN / $350 MXN,Pantalla completa,p2 r17: S21 FE | INCELL FHD C/M
samsung,2,18,S21 PLUS,INCELL FHD C/M,HL,$450 MXN / $430 MXN / $420 MXN / $400 MXN / $385 MXN,Pantalla completa,p2 r18: S21 PLUS | INCELL FHD C/M
samsung,2,19,S21 Ultra,INCELL FHD C/M,HL,$550 MXN / $530 MXN / $510 MXN / $500 MXN / $480 MXN,Pantalla completa,p2 r19: S21 Ultra | INCELL FHD C/M
samsung,2,20,S21 Ultra,OLED PREMIUM C/M,HAODE,"$1,600 MXN / $1,550 MXN / $1,500 MXN / $1,450 MXN / $1,400 MXN",ACTUALIZACION AUTOMATICA,p2 r20: S21 Ultra | OLED PREMIUM C/M
samsung,2,21,S21 Ultra,TIPO ORIGINAL C/M,HAODE,"$2,500 MXN / $2,400 MXN / $2,300 MXN / $2,250 MXN / $2,200 MXN",ACTUALIZACION AUTOMATICA,p2 r21: S21 Ultra | TIPO ORIGINAL C/M
samsung,2,22,S22,INCELL FHD C/M,HL,$500 MXN / $480 MXN / $470 MXN / $460 MXN / $450 MXN,Pantalla completa,p2 r22: S22 | INCELL FHD C/M
samsung,2,23,S22 PLUS,INCELL FHD C/M,HL,$500 MXN / $480 MXN / $470 MXN / $460 MXN / $450 MXN,Pantalla completa,p2 r23: S22 PLUS | INCELL FHD C/M
samsung,2,24,S22 PLUS,TIPO ORIGINAL C/M,HAODE,"$1,700 MXN / $1,650 MXN / $1,600 MXN / $1,500 MXN / $1,400 MXN",ACTUALIZACION AUTOMATICA,p2 r24: S22 PLUS | TIPO ORIGINAL C/M
samsung,2,25,S22 Ultra,INCELL FHD C/M,HL,$600 MXN / $580 MXN / $570 MXN / $560 MXN / $550 MXN,Pantalla completa,p2 r25: S22 Ultra | INCELL FHD C/M
samsung,2,26,S22 Ultra,AMOLED PREMIUM C/M,HAODE,"$1,750 MXN / $1,700 MXN / $1,650 MXN / $1,550 MXN / $1,500 MXN",ACTUALIZACION AUTOMATICA,p2 r26: S22 Ultra | AMOLED PREMIUM C/M
samsung,2,27,S22 Ultra,TIPO ORIGINAL C/M,HAODE,"$3,000 MXN / $2,900 MXN / $2,800 MXN / $2,700 MXN / $2,600 MXN",ACTUALIZACION AUTOMATICA,p2 r27: S22 Ultra | TIPO ORIGINAL C/M
samsung,2,28,S23,INCELL FHD C/M,HL,$600 MXN / $580 MXN / $570 MXN / $560 MXN / $550 MXN,Pantalla completa,p2 r28: S23 | INCELL FHD C/M
samsung,2,29,S23 PLUS,INCELL FHD C/M,HL,$600 MXN / $580 MXN / $570 MXN / $560 MXN / $550 MXN,Pantalla completa,p2 r29: S23 PLUS | INCELL FHD C/M
samsung,2,30,S23 PLUS,TIPO ORIGINAL C/M,HAODE,"$1,800 MXN / $1,700 MXN / $1,650 MXN / $1,600 MXN / $1,500 MXN",ACTUALIZACION AUTOMATICA,p2 r30: S23 PLUS | TIPO ORIGINAL C/M
samsung,2,31,S23 Ultra,INCELL FHD C/M,HL,$650 MXN / $630 MXN / $620 MXN / $610 MXN / $600 MXN,Pantalla completa,p2 r31: S23 Ultra | INCELL FHD C/M
samsung,2,32,S23 Ultra,AMOLED PREMIUM C/M,HAODE,"$1,600 MXN / $1,580 MXN / $1,550 MXN / $1,500 MXN / $1,400 MXN",ACTUALIZACION AUTOMATICA,p2 r32: S23 Ultra | AMOLED PREMIUM C/M
samsung,2,33,S23 Ultra,TIPO ORIGINAL C/M,HAODE,"$3,300 MXN / $3,200 MXN / $3,100 MXN / $3,000 MXN / $2,900 MXN",ACTUALIZACION AUTOMATICA,p2 r33: S23 Ultra | TIPO ORIGINAL C/M
samsung,2,34,S24,INCELL FHD C/M,HL,$700 MXN / $680 MXN / $670 MXN / $660 MXN / $650 MXN,Pantalla completa,p2 r34: S24 | INCELL FHD C/M
samsung,2,35,S24 PLUS,INCELL FHD C/M,HL,$700 MXN / $680 MXN / $670 MXN / $660 MXN / $650 MXN,Pantalla completa,p2 r35: S24 PLUS | INCELL FHD C/M
samsung,2,36,S24 Ultra,INCELL FHD C/M,HL,$750 MXN / $740 MXN / $730 MXN / $720 MXN / $700 MXN,Pantalla completa,p2 r36: S24 Ultra | INCELL FHD C/M
samsung,2,37,S24 Ultra,AMOLED PREMIUM C/M,HAODE,"$1,800 MXN / $1,750 MXN / $1,700 MXN / $1,650 MXN / $1,600 MXN",ACTUALIZACION AUTOMATICA,p2 r37: S24 Ultra | AMOLED PREMIUM C/M
samsung,2,38,S24 Ultra,TIPO ORIGINAL C/M,HAODE,"$3,500 MXN / $3,400 MXN / $3,300 MXN / $3,200 MXN / $3,100 MXN",ACTUALIZACION AUTOMATICA,p2 r38: S24 Ultra | TIPO ORIGINAL C/M
samsung,2,39,S25 Ultra,AMOLED PREMIUM C/M,HAODE,"$2,000 MXN / $1,900 MXN / $1,800 MXN / $1,750 MXN / $1,700 MXN",ACTUALIZACION AUTOMATICA,p2 r39: S25 Ultra | AMOLED PREMIUM C/M
samsung,2,40,S25 Ultra,TIPO ORIGINAL C/M,HAODE,"$3,700 MXN / $3,600 MXN / $3,500 MXN / $3,400 MXN / $3,300 MXN",ACTUALIZACION AUTOMATICA,p2 r40: S25 Ultra | TIPO ORIGINAL C/M
samsung,2,41,NOTE 8,INCELL FHD C/M,HL,$500 MXN / $480 MXN / $470 MXN / $460 MXN / $450 MXN,Pantalla completa,p2 r41: NOTE 8 | INCELL FHD C/M
samsung,2,42,NOTE 9,INCELL FHD C/M,HL,$500 MXN / $480 MXN / $470 MXN / $460 MXN / $450 MXN,Pantalla completa,p2 r42: NOTE 9 | INCELL FHD C/M
samsung,2,43,NOTE 10,INCELL FHD C/M,HL,$550 MXN / $530 MXN / $520 MXN / $500 MXN / $470 MXN,Pantalla completa,p2 r43: NOTE 10 | INCELL FHD C/M
samsung,2,44,NOTE 10,OLED PREMIUM,HAODE,"$1,500 MXN / $1,400 MXN / $1,300 MXN / $1,200 MXN / $1,100 MXN",ACTUALIZACION AUTOMATICA,p2 r44: NOTE 10 | OLED PREMIUM
samsung,2,45,NOTE 10+,INCELL FHD C/M,HL,$550 MXN / $530 MXN / $520 MXN / $500 MXN / $470 MXN,Pantalla completa,p2 r45: NOTE 10+ | INCELL FHD C/M
samsung,2,46,NOTE10 LITE,INCELL FHD C/M,HL,$650 MXN / $640 MXN / $630 MXN / $620 MXN / $610 MXN,Pantalla completa,p2 r46: NOTE10 LITE | INCELL FHD C/M
samsung,2,47,NOTE 20,INCELL FHD C/M,HL,$650 MXN / $620 MXN / $600 MXN / $590 MXN / $580 MXN,Pantalla completa,p2 r47: NOTE 20 | INCELL FHD C/M
samsung,2,48,NOTE 20,AMOLED PREMIUM C/M,HAODE,"$1,200 MXN / $1,100 MXN / $1,000 MXN / $900 MXN / $850 MXN",ACTUALIZACION AUTOMATICA,p2 r48: NOTE 20 | AMOLED PREMIUM C/M
samsung,2,49,NOTE 20 Ultra,INCELL FHD C/M,HL,$680 MXN / $670 MXN / $660 MXN / $650 MXN / $640 MXN,Pantalla completa,p2 r49: NOTE 20 Ultra | INCELL FHD C/M
samsung,2,50,NOTE 20 Ultra,AMOLED PREMIUM C/M,HAODE,"$1,500 MXN / $1,450 MXN / $1,400 MXN / $1,370 MXN / $1,350 MXN",ACTUALIZACION AUTOMATICA,p2 r50: NOTE 20 Ultra | AMOLED PREMIUM C/M
samsung,2,51,NOTE 20 Ultra,TIPO ORIGINAL C/M,HAODE,"$3,000 MXN / $2,900 MXN / $2,800 MXN / $2,700 MXN / $2,600 MXN",ACTUALIZACION AUTOMATICA,p2 r51: NOTE 20 Ultra | TIPO ORIGINAL C/M
samsung,2,52,Z FLIP3,INCELL S/M,HAODE,"$1,500 MXN / $1,400 MXN / $1,300 MXN / $1,200 MXN / $1,100 MXN",Pantalla completa,p2 r52: Z FLIP3 | INCELL S/M
samsung,2,53,Z FLIP4,INCELL S/M,HAODE,"$1,500 MXN / $1,400 MXN / $1,300 MXN / $1,200 MXN / $1,100 MXN",Pantalla completa,p2 r53: Z FLIP4 | INCELL S/M
samsung,2,54,Z FLIP5,INCELL S/M,HAODE,"$1,700 MXN / $1,600 MXN / $1,500 MXN / $1,400 MXN / $1,300 MXN",Pantalla completa,p2 r54: Z FLIP5 | INCELL S/M
samsung,2,55,Z FLIP6,INCELL S/M,HAODE,"$1,800 MXN / $1,700 MXN / $1,600 MXN / $1,500 MXN / $1,400 MXN",Pantalla completa,p2 r55: Z FLIP6 | INCELL S/M
samsung,2,56,Z FLIP3,TIPO ORIGINAL C/M,HAODE,"$3,000 MXN / $2,900 MXN / $2,800 MXN / $2,700 MXN / $2,600 MXN",ACTUALIZACION AUTOMATICA,p2 r56: Z FLIP3 | TIPO ORIGINAL C/M
samsung,2,57,Z FLIP4,TIPO ORIGINAL C/M,HAODE,"$3,600 MXN / $3,500 MXN / $3,400 MXN",ACTUALIZACION AUTOMATICA,p2 r57: Z FLIP4 | TIPO ORIGINAL C/M
samsung,2,58,Z FLIP5,TIPO ORIGINAL C/M,HAODE,"$4,000 MXN / $3,900 MXN / $3,800 MXN",ACTUALIZACION AUTOMATICA,p2 r58: Z FLIP5 | TIPO ORIGINAL C/M
samsung,2,59,Z FLIP6,TIPO ORIGINAL C/M,HAODE,"$4,500 MXN / $4,400 MXN / $4,300 MXN",ACTUALIZACION AUTOMATICA,p2 r59: Z FLIP6 | TIPO ORIGINAL C/M
samsung,2,60,Z FLIP7,TIPO ORIGINAL C/M,HAODE,"$5,800 MXN / $5,600 MXN / $5,500 MXN",ACTUALIZACION AUTOMATICA,p2 r60: Z FLIP7 | TIPO ORIGINAL C/M
samsung,2,61,Z FOLD3,ORIGINAL C/M,HAODE,"$4,500 MXN / $4,400 MXN / $4,300 MXN",ACTUALIZACION AUTOMATICA,p2 r61: Z FOLD3 | ORIGINAL C/M
samsung,2,62,Z FOLD4,ORIGINAL C/M,HAODE,"$6,000 MXN / $5,900 MXN / $5,800 MXN",ACTUALIZACION AUTOMATICA,p2 r62: Z FOLD4 | ORIGINAL C/M
samsung,2,63,Z FOLD5,ORIGINAL C/M,HAODE,"$7,500 MXN / $7,400 MXN / $7,300 MXN",ACTUALIZACION AUTOMATICA,p2 r63: Z FOLD5 | ORIGINAL C/M
samsung,2,64,Z FOLD6,ORIGINAL C/M,HAODE,"$9,800 MXN / $9,700 MXN / $9,600 MXN",ACTUALIZACION AUTOMATICA,p2 r64: Z FOLD6 | ORIGINAL C/M
micas,3,2,Máquina de Micas （X200T）,MICA,HAODE,"$6,800 MXN / $6,500 MXN / $6,200 MXN","Mayor cantidad, menor precio.",p3 r2: Máquina de Micas （X200T） | MICA
micas,3,4,MICA HD,MICA,HAODE,$450 MXN / $400 MXN / $350 MXN,,p3 r4: MICA HD | MICA
micas,3,5,MICA MATTE,MICA,HAODE,$450 MXN / $400 MXN / $350 MXN,"Personalización de logo GRATIS en compras de 5,000",p3 r5: MICA MATTE | MICA
micas,3,6,MICA PRIVACIDAD HD,MICA,HAODE,$850 MXN / $800 MXN / $750 MXN,,p3 r6: MICA PRIVACIDAD HD | MICA
micas,3,7,MICA PRIVACIDAD MATTE,MICA,HAODE,$850 MXN / $800 MXN / $750 MXN,,p3 r7: MICA PRIVACIDAD MATTE | MICA
fundas,3,11,CARCASAS XR/17PRO,KIT CARCASA METALICA CON FLEX,HAODE,$400 MXN / $350 MXN,,p3 r11: CARCASAS XR/17PRO | KIT CARCASA METALICA CON FLEX
fundas,3,12,CARCASAS 11/17PRO,KIT CARCASA METALICA CON FLEX,HAODE,$400 MXN / $350 MXN,,p3 r12: CARCASAS 11/17PRO | KIT CARCASA METALICA CON FLEX
fundas,3,13,CARCASAS XS/17PRO,KIT CARCASA METALICA CON FLEX,HAODE,$400 MXN / $350 MXN,,p3 r13: CARCASAS XS/17PRO | KIT CARCASA METALICA CON FLEX
fundas,3,14,CARCASAS XSMAX/17PRO,KIT CARCASA METALICA CON FLEX,HAODE,$400 MXN / $350 MXN,,p3 r14: CARCASAS XSMAX/17PRO | KIT CARCASA METALICA CON FLEX
fundas,3,15,13PRO/14PRO/16PRO,FUNDA 5IN1 CON MICA PREMIUM 3D,HAODE,$100 MXN / $90 MXN,,p3 r15: 13PRO/14PRO/16PRO | FUNDA 5IN1 CON MICA PREMIUM 3D
fundas,3,16,FUNDA 5IN1 CON MICA PREMIUM 3D,FUNDA 5IN1 CON MICA PREMIUM 3D,HAODE,$100 MXN / $90 MXN,,p3 r16: FUNDA 5IN1 CON MICA PREMIUM 3D | FUNDA 5IN1 CON MICA PREMIUM 3D
fundas,3,17,13PRO/14PRO/15PRO/1 6PRO,KIT ALUMINIO DE 17PRO CON LOGO,HAODE,$85 MXN / $70 MXN,,p3 r17: 13PRO/14PRO/15PRO/1 6PRO | KIT ALUMINIO DE 17PRO CON LOGO
fundas,3,18,KIT ALUMINIO DE 17PROMAX CON LOGO,KIT ALUMINIO DE 17PROMAX CON LOGO,HAODE,$85 MXN / $70 MXN,,p3 r18: KIT ALUMINIO DE 17PROMAX CON LOGO | KIT ALUMINIO DE 17PROMAX CON LOGO
fundas,3,19,KIT ALUMINIO DE 17PROMAX SIN LOGO,KIT ALUMINIO DE 17PROMAX SIN LOGO,HAODE,$65 MXN / $50 MXN,,p3 r19: KIT ALUMINIO DE 17PROMAX SIN LOGO | KIT ALUMINIO DE 17PROMAX SIN LOGO
fundas,3,20,KIT ALUMINIO DE 17PROMAX SIN LOGO,KIT ALUMINIO DE 17PROMAX SIN LOGO,HAODE,$65 MXN / $50 MXN,,p3 r20: KIT ALUMINIO DE 17PROMAX SIN LOGO | KIT ALUMINIO DE 17PROMAX SIN LOGO
fundas,3,21,KIT ALUMINIO DE 17PROMAX SIN LOGO,KIT ALUMINIO DE 17PROMAX SIN LOGO,HAODE,$65 MXN / $50 MXN,,p3 r21: KIT ALUMINIO DE 17PROMAX SIN LOGO | KIT ALUMINIO DE 17PROMAX SIN LOGO
fundas,3,22,KIT ALUMINIO DE 17PROMAX SIN LOGO,KIT ALUMINIO DE 17PROMAX SIN LOGO,HAODE,$65 MXN / $50 MXN,,p3 r22: KIT ALUMINIO DE 17PROMAX SIN LOGO | KIT ALUMINIO DE 17PROMAX SIN LOGO
gafas-ai,3,26,Gafas AI G5,GAFAS AI,HAODE,"$1,800 MXN / $1,600 MXN",Producto AI,p3 r26: Gafas AI G5 | GAFAS AI
gafas-ai,3,27,Gafas AI W630,GAFAS AI,HAODE,"$1,900 MXN / $1,700 MXN",Producto AI,p3 r27: Gafas AI W630 | GAFAS AI
gafas-ai,3,28,Gafas AI W610,GAFAS AI,HAODE,"$1,500 MXN / $1,200 MXN",Producto AI,p3 r28: Gafas AI W610 | GAFAS AI
gafas-ai,3,29,Gafas AI G3,GAFAS AI,HAODE,"$1,700 MXN / $1,500 MXN",Producto AI,p3 r29: Gafas AI G3 | GAFAS AI
gafas-ai,3,30,Gafas AI S1,GAFAS AI,HAODE,"$1,500 MXN / $1,300 MXN",Producto AI,p3 r30: Gafas AI S1 | GAFAS AI
gafas-ai,3,31,Gafas AI M89,GAFAS AI,HAODE,"$1,500 MXN / $1,300 MXN",Producto AI,p3 r31: Gafas AI M89 | GAFAS AI
gafas-ai,3,32,Gafas AI M08,GAFAS AI,HAODE,"$1,700 MXN / $1,500 MXN",Producto AI,p3 r32: Gafas AI M08 | GAFAS AI
gafas-ai,3,33,Gafas AI M02,GAFAS AI,HAODE,"$1,600 MXN / $1,400 MXN",Producto AI,p3 r33: Gafas AI M02 | GAFAS AI
gafas-ai,3,34,Gafas AI M95,GAFAS AI,HAODE,"$1,600 MXN / $1,400 MXN",Producto AI,p3 r34: Gafas AI M95 | GAFAS AI
camaras,3,38,LK-030,CAMARA,HAODE,$400 MXN / $300 MXN,,p3 r38: LK-030 | CAMARA
camaras,3,39,LK-007,CAMARA,HAODE,$500 MXN / $400 MXN,,p3 r39: LK-007 | CAMARA
camaras,3,40,LK-032,CAMARA,HAODE,"$1,000 MXN / $800 MXN",,p3 r40: LK-032 | CAMARA
camaras,3,41,LK-018,CAMARA,HAODE,"$1,200 MXN / $1,000 MXN",,p3 r41: LK-018 | CAMARA
celulares-oferta,3,45,Samsung S9,CELULAR OFERTA 6+64,HL,"$2,000 MXN",Tamaño original,p3 r45: Samsung S9 | CELULAR OFERTA 6+64
celulares-oferta,3,46,SamsungS9 PLUS,CELULAR OFERTA 6+64,HL,"$2,300 MXN",Tamaño original,p3 r46: SamsungS9 PLUS | CELULAR OFERTA 6+64
celulares-oferta,3,47,Samsung S10,CELULAR OFERTA 8+128,HL,"$2,500 MXN",Tamaño original,p3 r47: Samsung S10 | CELULAR OFERTA 8+128
celulares-oferta,3,48,Samsung S10 PLUS,CELULAR OFERTA 8+128,HL,"$2,700 MXN",Tamaño original,p3 r48: Samsung S10 PLUS | CELULAR OFERTA 8+128
celulares-oferta,3,49,Samsung S10E,CELULAR OFERTA 8+128,HL,"$2,800 MXN",Tamaño original,p3 r49: Samsung S10E | CELULAR OFERTA 8+128
celulares-oferta,3,50,Samsung S20 5G,CELULAR OFERTA 12+256,HL,"$3,000 MXN",Tamaño original,p3 r50: Samsung S20 5G | CELULAR OFERTA 12+256
celulares-oferta,3,51,Samsung S20 PLUS,CELULAR OFERTA 12+256,HL,"$3,300 MXN",Tamaño original,p3 r51: Samsung S20 PLUS | CELULAR OFERTA 12+256
celulares-oferta,3,52,Samsung S20FE,CELULAR OFERTA 6+128,HL,"$2,700 MXN",Tamaño original,p3 r52: Samsung S20FE | CELULAR OFERTA 6+128
celulares-oferta,3,53,Samsung S20 Ultra,CELULAR OFERTA 12+256,HL,"$3,500 MXN",Tamaño original,p3 r53: Samsung S20 Ultra | CELULAR OFERTA 12+256
celulares-oferta,3,54,Samsung S21,CELULAR OFERTA 12+256,HL,"$3,000 MXN",Tamaño original,p3 r54: Samsung S21 | CELULAR OFERTA 12+256
celulares-oferta,3,55,Samsung S21 Ultra,CELULAR OFERTA 12+256,HL,"$3,800 MXN",Tamaño original,p3 r55: Samsung S21 Ultra | CELULAR OFERTA 12+256
celulares-oferta,3,56,Samsung S22 Ultra,CELULAR OFERTA 12+256,HL,"$4,000 MXN",Tamaño original,p3 r56: Samsung S22 Ultra | CELULAR OFERTA 12+256
celulares-oferta,3,57,Samsung Z FIP3 PRO ，Doble Pantalla,CELULAR OFERTA 8+128,HL,"$4,000 MXN",Tamaño original,p3 r57: Samsung Z FIP3 PRO ，Doble Pantalla | CELULAR OFERTA 8+128
celulares-oferta,3,58,Samsung NOTE8,CELULAR OFERTA 4+64,HL,"$2,000 MXN",Tamaño original,p3 r58: Samsung NOTE8 | CELULAR OFERTA 4+64
celulares-oferta,3,59,Samsung NOTE9,CELULAR OFERTA 8+128,HL,"$2,500 MXN",Tamaño original,p3 r59: Samsung NOTE9 | CELULAR OFERTA 8+128
celulares-oferta,3,60,Samsung NOTE10,CELULAR OFERTA 8+256,HL,"$2,700 MXN",Tamaño original,p3 r60: Samsung NOTE10 | CELULAR OFERTA 8+256
celulares-oferta,3,61,Samsung NOTE10 PLUS,CELULAR OFERTA 12+256,HL,"$3,500 MXN",Tamaño original,p3 r61: Samsung NOTE10 PLUS | CELULAR OFERTA 12+256
celulares-oferta,3,62,Samsung NOTE 20 Ultra,CELULAR OFERTA 12+256,HL,"$3,800 MXN",Tamaño original,p3 r62: Samsung NOTE 20 Ultra | CELULAR OFERTA 12+256
