"页面","页面类型","主关键词候选","辅助查询候选","目录品质原文","实际SEO标题","搜索量状态"
"https://haode.com.mx/producto/iphone-incell-11/","型号页","Pantalla iPhone 11 INCELL FHD","Display iPhone 11 INCELL FHD; Pantalla iPhone 11 INCELL FHD México; Pantalla iPhone 11 INCELL FHD mayoreo","INCELL FHD","Pantalla iPhone 11 INCELL FHD | HAODE México","未接入，不等于0"
"https://haode.com.mx/producto/iphone-incell-11-bolsa-protectora/","型号页","Pantalla para iPhone 11 Bolsa Protectora INCELL","Display para iPhone 11 Bolsa Protectora INCELL; Pantalla para iPhone 11 Bolsa Protectora INCELL México; Pantalla para iPhone 11 Bolsa Protectora INCELL mayoreo","INCELL FHD","Pantalla para iPhone 11 Bolsa Protectora INCELL | HAODE México","未接入，不等于0"
"https://haode.com.mx/producto/iphone-incell-11pro/","型号页","Pantalla para iPhone 11 Pro INCELL","Display para iPhone 11 Pro INCELL; Pantalla para iPhone 11 Pro INCELL México; Pantalla para iPhone 11 Pro INCELL mayoreo","INCELL FHD","Pantalla para iPhone 11 Pro INCELL | HAODE México","未接入，不等于0"
"https://haode.com.mx/producto/iphone-incell-11promax/","型号页","Pantalla para iPhone 11 Pro Max INCELL","Display para iPhone 11 Pro Max INCELL; Pantalla para iPhone 11 Pro Max INCELL México; Pantalla para iPhone 11 Pro Max INCELL mayoreo","INCELL FHD","Pantalla para iPhone 11 Pro Max INCELL | HAODE México","未接入，不等于0"
"https://haode.com.mx/producto/iphone-incell-12-12pro/","型号页","Pantalla para iPhone 12 / 12 Pro INCELL","Display para iPhone 12 / 12 Pro INCELL; Pantalla para iPhone 12 / 12 Pro INCELL México; Pantalla para iPhone 12 / 12 Pro INCELL mayoreo","INCELL FHD","Pantalla para iPhone 12 / 12 Pro INCELL | HAODE México","未接入，不等于0"
"https://haode.com.mx/producto/iphone-incell-12mini/","型号页","Pantalla para iPhone 12 mini INCELL","Display para iPhone 12 mini INCELL; Pantalla para iPhone 12 mini INCELL México; Pantalla para iPhone 12 mini INCELL mayoreo","INCELL FHD","Pantalla para iPhone 12 mini INCELL | HAODE México","未接入，不等于0"
"https://haode.com.mx/producto/iphone-incell-12promax/","型号页","Pantalla para iPhone 12 Pro Max INCELL","Display para iPhone 12 Pro Max INCELL; Pantalla para iPhone 12 Pro Max INCELL México; Pantalla para iPhone 12 Pro Max INCELL mayoreo","INCELL FHD","Pantalla para iPhone 12 Pro Max INCELL | HAODE México","未接入，不等于0"
"https://haode.com.mx/producto/iphone-incell-13/","型号页","Pantalla para iPhone 13 INCELL","Display para iPhone 13 INCELL; Pantalla para iPhone 13 INCELL México; Pantalla para iPhone 13 INCELL mayoreo","INCELL FHD","Pantalla para iPhone 13 INCELL | HAODE México","未接入，不等于0"
"https://haode.com.mx/producto/iphone-incell-13mini/","型号页","Pantalla para iPhone 13 mini INCELL","Display para iPhone 13 mini INCELL; Pantalla para iPhone 13 mini INCELL México; Pantalla para iPhone 13 mini INCELL mayoreo","INCELL FHD","Pantalla para iPhone 13 mini INCELL | HAODE México","未接入，不等于0"
"https://haode.com.mx/producto/iphone-incell-13pro/","型号页","Pantalla para iPhone 13 Pro INCELL","Display para iPhone 13 Pro INCELL; Pantalla para iPhone 13 Pro INCELL México; Pantalla para iPhone 13 Pro INCELL mayoreo","INCELL FHD","Pantalla para iPhone 13 Pro INCELL | HAODE México","未接入，不等于0"
"https://haode.com.mx/producto/iphone-incell-13promax/","型号页","Pantalla para iPhone 13 Pro Max INCELL","Display para iPhone 13 Pro Max INCELL; Pantalla para iPhone 13 Pro Max INCELL México; Pantalla para iPhone 13 Pro Max INCELL mayoreo","INCELL FHD","Pantalla para iPhone 13 Pro Max INCELL | HAODE México","未接入，不等于0"
"https://haode.com.mx/producto/iphone-incell-14/","型号页","Pantalla para iPhone 14 INCELL","Display para iPhone 14 INCELL; Pantalla para iPhone 14 INCELL México; Pantalla para iPhone 14 INCELL mayoreo","INCELL FHD","Pantalla para iPhone 14 INCELL | HAODE México","未接入，不等于0"
"https://haode.com.mx/producto/iphone-incell-14plus/","型号页","Pantalla para iPhone 14 Plus INCELL","Display para iPhone 14 Plus INCELL; Pantalla para iPhone 14 Plus INCELL México; Pantalla para iPhone 14 Plus INCELL mayoreo","INCELL FHD","Pantalla para iPhone 14 Plus INCELL | HAODE México","未接入，不等于0"
"https://haode.com.mx/producto/iphone-incell-14pro/","型号页","Pantalla para iPhone 14 Pro INCELL","Display para iPhone 14 Pro INCELL; Pantalla para iPhone 14 Pro INCELL México; Pantalla para iPhone 14 Pro INCELL mayoreo","INCELL FHD","Pantalla para iPhone 14 Pro INCELL | HAODE México","未接入，不等于0"
"https://haode.com.mx/producto/iphone-incell-14promax/","型号页","Pantalla para iPhone 14 Pro Max INCELL","Display para iPhone 14 Pro Max INCELL; Pantalla para iPhone 14 Pro Max INCELL México; Pantalla para iPhone 14 Pro Max INCELL mayoreo","INCELL FHD","Pantalla para iPhone 14 Pro Max INCELL | HAODE México","未接入，不等于0"
"https://haode.com.mx/producto/iphone-incell-15/","型号页","Pantalla para iPhone 15 INCELL","Display para iPhone 15 INCELL; Pantalla para iPhone 15 INCELL México; Pantalla para iPhone 15 INCELL mayoreo","INCELL FHD","Pantalla para iPhone 15 INCELL | HAODE México","未接入，不等于0"
"https://haode.com.mx/producto/iphone-incell-15plus/","型号页","Pantalla para iPhone 15 Plus INCELL","Display para iPhone 15 Plus INCELL; Pantalla para iPhone 15 Plus INCELL México; Pantalla para iPhone 15 Plus INCELL mayoreo","INCELL FHD","Pantalla para iPhone 15 Plus INCELL | HAODE México","未接入，不等于0"
"https://haode.com.mx/producto/iphone-incell-15pro/","型号页","Pantalla para iPhone 15 Pro INCELL","Display para iPhone 15 Pro INCELL; Pantalla para iPhone 15 Pro INCELL México; Pantalla para iPhone 15 Pro INCELL mayoreo","INCELL FHD","Pantalla para iPhone 15 Pro INCELL | HAODE México","未接入，不等于0"
"https://haode.com.mx/producto/iphone-incell-15promax/","型号页","Pantalla para iPhone 15 Pro Max INCELL","Display para iPhone 15 Pro Max INCELL; Pantalla para iPhone 15 Pro Max INCELL México; Pantalla para iPhone 15 Pro Max INCELL mayoreo","INCELL FHD","Pantalla para iPhone 15 Pro Max INCELL | HAODE México","未接入，不等于0"
"https://haode.com.mx/producto/iphone-incell-16/","型号页","Pantalla para iPhone 16 INCELL","Display para iPhone 16 INCELL; Pantalla para iPhone 16 INCELL México; Pantalla para iPhone 16 INCELL mayoreo","INCELL FHD","Pantalla para iPhone 16 INCELL | HAODE México","未接入，不等于0"
"https://haode.com.mx/producto/iphone-incell-16e/","型号页","Pantalla para iPhone 16e INCELL","Display para iPhone 16e INCELL; Pantalla para iPhone 16e INCELL México; Pantalla para iPhone 16e INCELL mayoreo","INCELL FHD","Pantalla para iPhone 16e INCELL | HAODE México","未接入，不等于0"
"https://haode.com.mx/producto/iphone-incell-16plus/","型号页","Pantalla para iPhone 16 Plus INCELL","Display para iPhone 16 Plus INCELL; Pantalla para iPhone 16 Plus INCELL México; Pantalla para iPhone 16 Plus INCELL mayoreo","INCELL FHD","Pantalla para iPhone 16 Plus INCELL | HAODE México","未接入，不等于0"
"https://haode.com.mx/producto/iphone-incell-16pro/","型号页","Pantalla para iPhone 16 Pro INCELL","Display para iPhone 16 Pro INCELL; Pantalla para iPhone 16 Pro INCELL México; Pantalla para iPhone 16 Pro INCELL mayoreo","INCELL FHD","Pantalla para iPhone 16 Pro INCELL | HAODE México","未接入，不等于0"
"https://haode.com.mx/producto/iphone-incell-16promax/","型号页","Pantalla para iPhone 16 Pro Max INCELL","Display para iPhone 16 Pro Max INCELL; Pantalla para iPhone 16 Pro Max INCELL México; Pantalla para iPhone 16 Pro Max INCELL mayoreo","INCELL FHD","Pantalla para iPhone 16 Pro Max INCELL | HAODE México","未接入，不等于0"
"https://haode.com.mx/producto/iphone-incell-17/","型号页","Pantalla para iPhone 17 INCELL","Display para iPhone 17 INCELL; Pantalla para iPhone 17 INCELL México; Pantalla para iPhone 17 INCELL mayoreo","INCELL FHD","Pantalla para iPhone 17 INCELL | HAODE México","未接入，不等于0"
"https://haode.com.mx/producto/iphone-incell-17air/","型号页","Pantalla para iPhone 17 Air INCELL","Display para iPhone 17 Air INCELL; Pantalla para iPhone 17 Air INCELL México; Pantalla para iPhone 17 Air INCELL mayoreo","INCELL FHD","Pantalla para iPhone 17 Air INCELL | HAODE México","未接入，不等于0"
"https://haode.com.mx/producto/iphone-incell-17e/","型号页","Pantalla para iPhone 17E INCELL","Display para iPhone 17E INCELL; Pantalla para iPhone 17E INCELL México; Pantalla para iPhone 17E INCELL mayoreo","INCELL FHD","Pantalla para iPhone 17E INCELL | HAODE México","未接入，不等于0"
"https://haode.com.mx/producto/iphone-incell-17pro/","型号页","Pantalla para iPhone 17 Pro INCELL","Display para iPhone 17 Pro INCELL; Pantalla para iPhone 17 Pro INCELL México; Pantalla para iPhone 17 Pro INCELL mayoreo","INCELL FHD","Pantalla para iPhone 17 Pro INCELL | HAODE México","未接入，不等于0"
"https://haode.com.mx/producto/iphone-incell-17promax/","型号页","Pantalla para iPhone 17 Pro Max INCELL","Display para iPhone 17 Pro Max INCELL; Pantalla para iPhone 17 Pro Max INCELL México; Pantalla para iPhone 17 Pro Max INCELL mayoreo","INCELL FHD","Pantalla para iPhone 17 Pro Max INCELL | HAODE México","未接入，不等于0"
"https://haode.com.mx/producto/iphone-incell-x/","型号页","Pantalla para iPhone X INCELL","Display para iPhone X INCELL; Pantalla para iPhone X INCELL México; Pantalla para iPhone X INCELL mayoreo","INCELL FHD","Pantalla para iPhone X INCELL | HAODE México","未接入，不等于0"
"https://haode.com.mx/producto/iphone-incell-xr/","型号页","Pantalla para iPhone XR INCELL","Display para iPhone XR INCELL; Pantalla para iPhone XR INCELL México; Pantalla para iPhone XR INCELL mayoreo","INCELL FHD","Pantalla para iPhone XR INCELL: precio y cotización | HAODE","未接入，不等于0"
"https://haode.com.mx/producto/iphone-incell-xr-bolsa-protectora/","型号页","Pantalla para iPhone XR Bolsa Protectora INCELL","Display para iPhone XR Bolsa Protectora INCELL; Pantalla para iPhone XR Bolsa Protectora INCELL México; Pantalla para iPhone XR Bolsa Protectora INCELL mayoreo","INCELL FHD","Pantalla para iPhone XR Bolsa Protectora INCELL | HAODE México","未接入，不等于0"
"https://haode.com.mx/producto/iphone-incell-xs/","型号页","Pantalla para iPhone XS INCELL","Display para iPhone XS INCELL; Pantalla para iPhone XS INCELL México; Pantalla para iPhone XS INCELL mayoreo","INCELL FHD","Pantalla para iPhone XS INCELL | HAODE México","未接入，不等于0"
"https://haode.com.mx/producto/iphone-incell-xsmax/","型号页","Pantalla para iPhone XS Max INCELL","Display para iPhone XS Max INCELL; Pantalla para iPhone XS Max INCELL México; Pantalla para iPhone XS Max INCELL mayoreo","INCELL FHD","Pantalla para iPhone XS Max INCELL | HAODE México","未接入，不等于0"
"https://haode.com.mx/producto/iphone-oled-11promax/","型号页","Pantalla para iPhone 11 Pro Max OLED","Display para iPhone 11 Pro Max OLED; Pantalla para iPhone 11 Pro Max OLED México; Pantalla para iPhone 11 Pro Max OLED mayoreo","OLED PREMIUM","Pantalla para iPhone 11 Pro Max OLED | HAODE México","未接入，不等于0"
"https://haode.com.mx/producto/iphone-oled-12-12pro/","型号页","Pantalla para iPhone 12 / 12 Pro OLED","Display para iPhone 12 / 12 Pro OLED; Pantalla para iPhone 12 / 12 Pro OLED México; Pantalla para iPhone 12 / 12 Pro OLED mayoreo","OLED PREMIUM","Pantalla para iPhone 12 / 12 Pro OLED | HAODE México","未接入，不等于0"
"https://haode.com.mx/producto/iphone-oled-12promax/","型号页","Pantalla para iPhone 12 Pro Max OLED","Display para iPhone 12 Pro Max OLED; Pantalla para iPhone 12 Pro Max OLED México; Pantalla para iPhone 12 Pro Max OLED mayoreo","OLED PREMIUM","Pantalla para iPhone 12 Pro Max OLED | HAODE México","未接入，不等于0"
"https://haode.com.mx/producto/iphone-oled-13/","型号页","Pantalla para iPhone 13 OLED","Display para iPhone 13 OLED; Pantalla para iPhone 13 OLED México; Pantalla para iPhone 13 OLED mayoreo","OLED PREMIUM","Pantalla para iPhone 13 OLED | HAODE México","未接入，不等于0"
"https://haode.com.mx/producto/iphone-oled-13pro/","型号页","Pantalla para iPhone 13 Pro OLED","Display para iPhone 13 Pro OLED; Pantalla para iPhone 13 Pro OLED México; Pantalla para iPhone 13 Pro OLED mayoreo","OLED PREMIUM","Pantalla para iPhone 13 Pro OLED | HAODE México","未接入，不等于0"
"https://haode.com.mx/producto/iphone-oled-13promax/","型号页","Pantalla para iPhone 13 Pro Max OLED","Display para iPhone 13 Pro Max OLED; Pantalla para iPhone 13 Pro Max OLED México; Pantalla para iPhone 13 Pro Max OLED mayoreo","OLED PREMIUM","Pantalla para iPhone 13 Pro Max OLED | HAODE México","未接入，不等于0"
"https://haode.com.mx/producto/iphone-oled-14/","型号页","Pantalla para iPhone 14 OLED","Display para iPhone 14 OLED; Pantalla para iPhone 14 OLED México; Pantalla para iPhone 14 OLED mayoreo","OLED PREMIUM","Pantalla para iPhone 14 OLED | HAODE México","未接入，不等于0"
"https://haode.com.mx/producto/iphone-oled-14plus/","型号页","Pantalla para iPhone 14 Plus OLED","Display para iPhone 14 Plus OLED; Pantalla para iPhone 14 Plus OLED México; Pantalla para iPhone 14 Plus OLED mayoreo","OLED PREMIUM","Pantalla para iPhone 14 Plus OLED | HAODE México","未接入，不等于0"
"https://haode.com.mx/producto/iphone-oled-14pro/","型号页","Pantalla para iPhone 14 Pro OLED","Display para iPhone 14 Pro OLED; Pantalla para iPhone 14 Pro OLED México; Pantalla para iPhone 14 Pro OLED mayoreo","OLED PREMIUM","Pantalla para iPhone 14 Pro OLED | HAODE México","未接入，不等于0"
"https://haode.com.mx/producto/iphone-oled-14promax/","型号页","Pantalla para iPhone 14 Pro Max OLED","Display para iPhone 14 Pro Max OLED; Pantalla para iPhone 14 Pro Max OLED México; Pantalla para iPhone 14 Pro Max OLED mayoreo","OLED PREMIUM","Pantalla para iPhone 14 Pro Max OLED | HAODE México","未接入，不等于0"
"https://haode.com.mx/producto/iphone-oled-15/","型号页","Pantalla para iPhone 15 OLED","Display para iPhone 15 OLED; Pantalla para iPhone 15 OLED México; Pantalla para iPhone 15 OLED mayoreo","OLED PREMIUM","Pantalla para iPhone 15 OLED | HAODE México","未接入，不等于0"
"https://haode.com.mx/producto/iphone-oled-15promax/","型号页","Pantalla para iPhone 15 Pro Max OLED","Display para iPhone 15 Pro Max OLED; Pantalla para iPhone 15 Pro Max OLED México; Pantalla para iPhone 15 Pro Max OLED mayoreo","OLED PREMIUM","Pantalla para iPhone 15 Pro Max OLED | HAODE México","未接入，不等于0"
"https://haode.com.mx/producto/iphone-oled-16e/","型号页","Pantalla para iPhone 16E OLED","Display para iPhone 16E OLED; Pantalla para iPhone 16E OLED México; Pantalla para iPhone 16E OLED mayoreo","OLED PREMIUM","Pantalla para iPhone 16E OLED | HAODE México","未接入，不等于0"
"https://haode.com.mx/producto/iphone-oled-16pro/","型号页","Pantalla para iPhone 16 Pro OLED","Display para iPhone 16 Pro OLED; Pantalla para iPhone 16 Pro OLED México; Pantalla para iPhone 16 Pro OLED mayoreo","OLED PREMIUM","Pantalla para iPhone 16 Pro OLED | HAODE México","未接入，不等于0"
"https://haode.com.mx/producto/iphone-oled-16promax/","型号页","Pantalla para iPhone 16 Pro Max Soft OLED","Display para iPhone 16 Pro Max Soft OLED; Pantalla para iPhone 16 Pro Max Soft OLED México; Pantalla para iPhone 16 Pro Max Soft OLED mayoreo","SOFT OLED PREMIUM MOVE IC","Pantalla para iPhone 16 Pro Max Soft OLED | HAODE México","未接入，不等于0"
"https://haode.com.mx/producto/iphone-oled-16promax-hard/","型号页","Pantalla para iPhone 16 Pro Max Hard OLED","Display para iPhone 16 Pro Max Hard OLED; Pantalla para iPhone 16 Pro Max Hard OLED México; Pantalla para iPhone 16 Pro Max Hard OLED mayoreo","OLED PREMIUM MOVE IC","Pantalla para iPhone 16 Pro Max Hard OLED | HAODE México","未接入，不等于0"
"https://haode.com.mx/producto/iphone-oled-soft-14/","型号页","Pantalla para iPhone 14 Soft OLED","Display para iPhone 14 Soft OLED; Pantalla para iPhone 14 Soft OLED México; Pantalla para iPhone 14 Soft OLED mayoreo","SOFT OLED PREMIUM","Pantalla para iPhone 14 Soft OLED | HAODE México","未接入，不等于0"
"https://haode.com.mx/producto/iphone-oled-soft-14-plus/","型号页","Pantalla para iPhone 14 plus Soft OLED","Display para iPhone 14 plus Soft OLED; Pantalla para iPhone 14 plus Soft OLED México; Pantalla para iPhone 14 plus Soft OLED mayoreo","SOFT OLED PREMIUM","Pantalla para iPhone 14 plus Soft OLED | HAODE México","未接入，不等于0"
"https://haode.com.mx/producto/iphone-oled-soft-15pro/","型号页","Pantalla para iPhone 15PRO Soft OLED","Display para iPhone 15PRO Soft OLED; Pantalla para iPhone 15PRO Soft OLED México; Pantalla para iPhone 15PRO Soft OLED mayoreo","SOFT OLED PREMIUM","Pantalla para iPhone 15PRO Soft OLED | HAODE México","未接入，不等于0"
"https://haode.com.mx/producto/iphone-oled-xsmax/","型号页","Pantalla para iPhone XS Max OLED","Display para iPhone XS Max OLED; Pantalla para iPhone XS Max OLED México; Pantalla para iPhone XS Max OLED mayoreo","OLED PREMIUM","Pantalla para iPhone XS Max OLED | HAODE México","未接入，不等于0"
"https://haode.com.mx/producto/haode-pantalla-oled-diagnostica-modelo-11-pro-max/","型号页","Pantalla OLED Diagnóstica para iPhone 11 Pro Max","Display OLED Diagnóstica para iPhone 11 Pro Max; Pantalla OLED Diagnóstica para iPhone 11 Pro Max México; Pantalla OLED Diagnóstica para iPhone 11 Pro Max mayoreo","OLED Diagnóstica · Tamaño original","Pantalla OLED Diagnóstica para iPhone 11 Pro Max | HAODE México","未接入，不等于0"
"https://haode.com.mx/producto/haode-pantalla-oled-diagnostica-modelo-12-12-pro/","型号页","Pantalla OLED Diagnóstica para iPhone 12 / 12 Pro","Display OLED Diagnóstica para iPhone 12 / 12 Pro; Pantalla OLED Diagnóstica para iPhone 12 / 12 Pro México; Pantalla OLED Diagnóstica para iPhone 12 / 12 Pro mayoreo","OLED Diagnóstica · Tamaño original","Pantalla OLED Diagnóstica para iPhone 12 / 12 Pro | HAODE México","未接入，不等于0"
"https://haode.com.mx/producto/haode-pantalla-oled-diagnostica-modelo-12-pro-max/","型号页","Pantalla OLED Diagnóstica para iPhone 12 Pro Max","Display OLED Diagnóstica para iPhone 12 Pro Max; Pantalla OLED Diagnóstica para iPhone 12 Pro Max México; Pantalla OLED Diagnóstica para iPhone 12 Pro Max mayoreo","OLED Diagnóstica · Tamaño original","Pantalla OLED Diagnóstica para iPhone 12 Pro Max | HAODE México","未接入，不等于0"
"https://haode.com.mx/producto/haode-pantalla-oled-diagnostica-modelo-13/","型号页","Pantalla OLED Diagnóstica para iPhone 13","Display OLED Diagnóstica para iPhone 13; Pantalla OLED Diagnóstica para iPhone 13 México; Pantalla OLED Diagnóstica para iPhone 13 mayoreo","OLED Diagnóstica · Tamaño original","Pantalla OLED Diagnóstica para iPhone 13 | HAODE México","未接入，不等于0"
"https://haode.com.mx/producto/haode-pantalla-oled-diagnostica-modelo-13-pro/","型号页","Pantalla OLED Diagnóstica para iPhone 13 Pro","Display OLED Diagnóstica para iPhone 13 Pro; Pantalla OLED Diagnóstica para iPhone 13 Pro México; Pantalla OLED Diagnóstica para iPhone 13 Pro mayoreo","OLED Diagnóstica · Tamaño original","Pantalla OLED Diagnóstica para iPhone 13 Pro | HAODE México","未接入，不等于0"
"https://haode.com.mx/producto/haode-pantalla-oled-diagnostica-modelo-13-pro-max/","型号页","Pantalla OLED Diagnóstica para iPhone 13 Pro Max","Display OLED Diagnóstica para iPhone 13 Pro Max; Pantalla OLED Diagnóstica para iPhone 13 Pro Max México; Pantalla OLED Diagnóstica para iPhone 13 Pro Max mayoreo","OLED Diagnóstica · Tamaño original","Pantalla OLED Diagnóstica para iPhone 13 Pro Max | HAODE México","未接入，不等于0"
"https://haode.com.mx/producto/haode-pantalla-oled-diagnostica-modelo-14/","型号页","Pantalla OLED Diagnóstica para iPhone 14","Display OLED Diagnóstica para iPhone 14; Pantalla OLED Diagnóstica para iPhone 14 México; Pantalla OLED Diagnóstica para iPhone 14 mayoreo","OLED Diagnóstica · Tamaño original","Pantalla OLED Diagnóstica para iPhone 14 | HAODE México","未接入，不等于0"
"https://haode.com.mx/producto/haode-pantalla-oled-diagnostica-modelo-14-plus/","型号页","Pantalla OLED Diagnóstica para iPhone 14 Plus","Display OLED Diagnóstica para iPhone 14 Plus; Pantalla OLED Diagnóstica para iPhone 14 Plus México; Pantalla OLED Diagnóstica para iPhone 14 Plus mayoreo","OLED Diagnóstica · Tamaño original","Pantalla OLED Diagnóstica para iPhone 14 Plus | HAODE México","未接入，不等于0"
"https://haode.com.mx/producto/haode-pantalla-oled-diagnostica-modelo-14-pro/","型号页","Pantalla OLED Diagnóstica para iPhone 14 Pro","Display OLED Diagnóstica para iPhone 14 Pro; Pantalla OLED Diagnóstica para iPhone 14 Pro México; Pantalla OLED Diagnóstica para iPhone 14 Pro mayoreo","OLED Diagnóstica · Tamaño original","Pantalla OLED Diagnóstica para iPhone 14 Pro | HAODE México","未接入，不等于0"
"https://haode.com.mx/producto/haode-pantalla-oled-diagnostica-modelo-14-pro-max/","型号页","Pantalla OLED Diagnóstica para iPhone 14 Pro Max","Display OLED Diagnóstica para iPhone 14 Pro Max; Pantalla OLED Diagnóstica para iPhone 14 Pro Max México; Pantalla OLED Diagnóstica para iPhone 14 Pro Max mayoreo","OLED Diagnóstica · Tamaño original","Pantalla OLED Diagnóstica para iPhone 14 Pro Max | HAODE México","未接入，不等于0"
"https://haode.com.mx/producto/haode-pantalla-oled-diagnostica-modelo-15/","型号页","Pantalla OLED Diagnóstica para iPhone 15","Display OLED Diagnóstica para iPhone 15; Pantalla OLED Diagnóstica para iPhone 15 México; Pantalla OLED Diagnóstica para iPhone 15 mayoreo","OLED Diagnóstica · Tamaño original","Pantalla OLED Diagnóstica para iPhone 15 | HAODE México","未接入，不等于0"
"https://haode.com.mx/producto/haode-pantalla-oled-diagnostica-modelo-15-plus/","型号页","Pantalla OLED Diagnóstica para iPhone 15 Plus","Display OLED Diagnóstica para iPhone 15 Plus; Pantalla OLED Diagnóstica para iPhone 15 Plus México; Pantalla OLED Diagnóstica para iPhone 15 Plus mayoreo","OLED Diagnóstica · Tamaño original","Pantalla OLED Diagnóstica para iPhone 15 Plus | HAODE México","未接入，不等于0"
"https://haode.com.mx/producto/haode-pantalla-oled-diagnostica-modelo-15-pro/","型号页","Pantalla OLED Diagnóstica para iPhone 15 Pro","Display OLED Diagnóstica para iPhone 15 Pro; Pantalla OLED Diagnóstica para iPhone 15 Pro México; Pantalla OLED Diagnóstica para iPhone 15 Pro mayoreo","OLED Diagnóstica · Tamaño original","Pantalla OLED Diagnóstica para iPhone 15 Pro | HAODE México","未接入，不等于0"
"https://haode.com.mx/producto/haode-pantalla-oled-diagnostica-modelo-15-pro-max/","型号页","Pantalla OLED Diagnóstica para iPhone 15 Pro Max","Display OLED Diagnóstica para iPhone 15 Pro Max; Pantalla OLED Diagnóstica para iPhone 15 Pro Max México; Pantalla OLED Diagnóstica para iPhone 15 Pro Max mayoreo","OLED Diagnóstica · Tamaño original","Pantalla OLED Diagnóstica para iPhone 15 Pro Max | HAODE México","未接入，不等于0"
"https://haode.com.mx/producto/haode-pantalla-oled-diagnostica-modelo-16/","型号页","Pantalla OLED Diagnóstica para iPhone 16","Display OLED Diagnóstica para iPhone 16; Pantalla OLED Diagnóstica para iPhone 16 México; Pantalla OLED Diagnóstica para iPhone 16 mayoreo","OLED Diagnóstica · Tamaño original","Pantalla OLED Diagnóstica para iPhone 16 | HAODE México","未接入，不等于0"
"https://haode.com.mx/producto/haode-pantalla-oled-diagnostica-modelo-16-plus/","型号页","Pantalla OLED Diagnóstica para iPhone 16 Plus","Display OLED Diagnóstica para iPhone 16 Plus; Pantalla OLED Diagnóstica para iPhone 16 Plus México; Pantalla OLED Diagnóstica para iPhone 16 Plus mayoreo","OLED Diagnóstica · Tamaño original","Pantalla OLED Diagnóstica para iPhone 16 Plus | HAODE México","未接入，不等于0"
"https://haode.com.mx/producto/haode-pantalla-oled-diagnostica-modelo-16-pro/","型号页","Pantalla OLED Diagnóstica para iPhone 16 Pro","Display OLED Diagnóstica para iPhone 16 Pro; Pantalla OLED Diagnóstica para iPhone 16 Pro México; Pantalla OLED Diagnóstica para iPhone 16 Pro mayoreo","OLED Diagnóstica · Tamaño original","Pantalla OLED Diagnóstica para iPhone 16 Pro | HAODE México","未接入，不等于0"
"https://haode.com.mx/producto/haode-pantalla-oled-diagnostica-modelo-16-pro-max/","型号页","Pantalla OLED Diagnóstica para iPhone 16 Pro Max","Display OLED Diagnóstica para iPhone 16 Pro Max; Pantalla OLED Diagnóstica para iPhone 16 Pro Max México; Pantalla OLED Diagnóstica para iPhone 16 Pro Max mayoreo","OLED Diagnóstica · Tamaño original","Pantalla OLED Diagnóstica para iPhone 16 Pro Max | HAODE México","未接入，不等于0"
"https://haode.com.mx/producto/haode-pantalla-oled-diagnostica-modelo-17/","型号页","Pantalla OLED Diagnóstica para iPhone 17","Display OLED Diagnóstica para iPhone 17; Pantalla OLED Diagnóstica para iPhone 17 México; Pantalla OLED Diagnóstica para iPhone 17 mayoreo","OLED Diagnóstica · Tamaño original","Pantalla OLED Diagnóstica para iPhone 17 | HAODE México","未接入，不等于0"
"https://haode.com.mx/producto/haode-pantalla-oled-diagnostica-modelo-17-pro/","型号页","Pantalla OLED Diagnóstica para iPhone 17 Pro","Display OLED Diagnóstica para iPhone 17 Pro; Pantalla OLED Diagnóstica para iPhone 17 Pro México; Pantalla OLED Diagnóstica para iPhone 17 Pro mayoreo","OLED Diagnóstica · Tamaño original","Pantalla OLED Diagnóstica para iPhone 17 Pro | HAODE México","未接入，不等于0"
"https://haode.com.mx/producto/haode-pantalla-oled-diagnostica-modelo-17-pro-max/","型号页","Pantalla OLED Diagnóstica para iPhone 17 Pro Max","Display OLED Diagnóstica para iPhone 17 Pro Max; Pantalla OLED Diagnóstica para iPhone 17 Pro Max México; Pantalla OLED Diagnóstica para iPhone 17 Pro Max mayoreo","OLED Diagnóstica · Tamaño original","Pantalla OLED Diagnóstica para iPhone 17 Pro Max | HAODE México","未接入，不等于0"
"https://haode.com.mx/producto/haode-pantalla-oled-diagnostica-modelo-xs-max/","型号页","Pantalla OLED Diagnóstica para iPhone XS Max","Display OLED Diagnóstica para iPhone XS Max; Pantalla OLED Diagnóstica para iPhone XS Max México; Pantalla OLED Diagnóstica para iPhone XS Max mayoreo","OLED Diagnóstica · Tamaño original","Pantalla OLED Diagnóstica para iPhone XS Max | HAODE México","未接入，不等于0"
"https://haode.com.mx/producto/oled-diagnostica-12mini-hard/","型号页","Pantalla OLED Diagnóstica para iPhone 12MINI Hard OLED","Display OLED Diagnóstica para iPhone 12MINI Hard OLED; Pantalla OLED Diagnóstica para iPhone 12MINI Hard OLED México; Pantalla OLED Diagnóstica para iPhone 12MINI Hard OLED mayoreo","DIAGNOTICO HARD OLED","Pantalla OLED Diagnóstica para iPhone 12MINI Hard OLED | HAODE México","未接入，不等于0"
"https://haode.com.mx/producto/oled-diagnostica-16e-soft/","型号页","Pantalla OLED Diagnóstica para iPhone 16E Soft OLED","Display OLED Diagnóstica para iPhone 16E Soft OLED; Pantalla OLED Diagnóstica para iPhone 16E Soft OLED México; Pantalla OLED Diagnóstica para iPhone 16E Soft OLED mayoreo","DIAGNOTICO  SOFT OLED","Pantalla OLED Diagnóstica para iPhone 16E Soft OLED | HAODE México","未接入，不等于0"
"https://haode.com.mx/producto/samsung-incell-note-10/","型号页","Pantalla para Samsung Note 10 INCELL","Display para Samsung Note 10 INCELL; Pantalla para Samsung Note 10 INCELL México; Pantalla para Samsung Note 10 INCELL mayoreo","INCELL CON MARCO","Pantalla para Samsung Note 10 INCELL | HAODE México","未接入，不等于0"
"https://haode.com.mx/producto/samsung-incell-note-10-lite/","型号页","Pantalla para Samsung Note 10 Lite INCELL","Display para Samsung Note 10 Lite INCELL; Pantalla para Samsung Note 10 Lite INCELL México; Pantalla para Samsung Note 10 Lite INCELL mayoreo","INCELL FHD C/M","Pantalla para Samsung Note 10 Lite INCELL | HAODE México","未接入，不等于0"
"https://haode.com.mx/producto/samsung-incell-note-10-plus/","型号页","Pantalla para Samsung Note 10 Plus INCELL","Display para Samsung Note 10 Plus INCELL; Pantalla para Samsung Note 10 Plus INCELL México; Pantalla para Samsung Note 10 Plus INCELL mayoreo","INCELL CON MARCO","Pantalla para Samsung Note 10 Plus INCELL | HAODE México","未接入，不等于0"
"https://haode.com.mx/producto/samsung-incell-note-20/","型号页","Pantalla para Samsung Note 20 INCELL","Display para Samsung Note 20 INCELL; Pantalla para Samsung Note 20 INCELL México; Pantalla para Samsung Note 20 INCELL mayoreo","INCELL FHD C/M","Pantalla para Samsung Note 20 INCELL | HAODE México","未接入，不等于0"
"https://haode.com.mx/producto/samsung-incell-note-20-ultra/","型号页","Pantalla para Samsung Note 20 Ultra INCELL","Display para Samsung Note 20 Ultra INCELL; Pantalla para Samsung Note 20 Ultra INCELL México; Pantalla para Samsung Note 20 Ultra INCELL mayoreo","INCELL CON MARCO","Pantalla para Samsung Note 20 Ultra INCELL | HAODE México","未接入，不等于0"
"https://haode.com.mx/producto/samsung-incell-note-8/","型号页","Pantalla para Samsung Note 8 INCELL","Display para Samsung Note 8 INCELL; Pantalla para Samsung Note 8 INCELL México; Pantalla para Samsung Note 8 INCELL mayoreo","INCELL CON MARCO","Pantalla para Samsung Note 8 INCELL | HAODE México","未接入，不等于0"
"https://haode.com.mx/producto/samsung-incell-note-9/","型号页","Pantalla para Samsung Note 9 INCELL","Display para Samsung Note 9 INCELL; Pantalla para Samsung Note 9 INCELL México; Pantalla para Samsung Note 9 INCELL mayoreo","INCELL CON MARCO","Pantalla para Samsung Note 9 INCELL | HAODE México","未接入，不等于0"
"https://haode.com.mx/producto/samsung-incell-s10/","型号页","Pantalla para Samsung S10 INCELL","Display para Samsung S10 INCELL; Pantalla para Samsung S10 INCELL México; Pantalla para Samsung S10 INCELL mayoreo","INCELL CON MARCO","Pantalla para Samsung S10 INCELL | HAODE México","未接入，不等于0"
"https://haode.com.mx/producto/samsung-incell-s10-lite/","型号页","Pantalla para Samsung S10 Lite INCELL","Display para Samsung S10 Lite INCELL; Pantalla para Samsung S10 Lite INCELL México; Pantalla para Samsung S10 Lite INCELL mayoreo","INCELL FHD C/M","Pantalla para Samsung S10 Lite INCELL | HAODE México","未接入，不等于0"
"https://haode.com.mx/producto/samsung-incell-s10-plus/","型号页","Pantalla para Samsung S10 Plus INCELL","Display para Samsung S10 Plus INCELL; Pantalla para Samsung S10 Plus INCELL México; Pantalla para Samsung S10 Plus INCELL mayoreo","INCELL CON MARCO","Pantalla para Samsung S10 Plus INCELL | HAODE México","未接入，不等于0"
"https://haode.com.mx/producto/samsung-incell-s10e/","型号页","Pantalla para Samsung S10E INCELL","Display para Samsung S10E INCELL; Pantalla para Samsung S10E INCELL México; Pantalla para Samsung S10E INCELL mayoreo","INCELL CON MARCO","Pantalla para Samsung S10E INCELL | HAODE México","未接入，不等于0"
"https://haode.com.mx/producto/samsung-incell-s20-4g/","型号页","Pantalla para Samsung S20 4G INCELL","Display para Samsung S20 4G INCELL; Pantalla para Samsung S20 4G INCELL México; Pantalla para Samsung S20 4G INCELL mayoreo","INCELL FHD C/M","Pantalla para Samsung S20 4G INCELL | HAODE México","未接入，不等于0"
"https://haode.com.mx/producto/samsung-incell-s20-5g/","型号页","Pantalla para Samsung S20 5G INCELL","Display para Samsung S20 5G INCELL; Pantalla para Samsung S20 5G INCELL México; Pantalla para Samsung S20 5G INCELL mayoreo","INCELL FHD C/M","Pantalla para Samsung S20 5G INCELL | HAODE México","未接入，不等于0"
"https://haode.com.mx/producto/samsung-incell-s20-fe/","型号页","Pantalla para Samsung S20 FE INCELL","Display para Samsung S20 FE INCELL; Pantalla para Samsung S20 FE INCELL México; Pantalla para Samsung S20 FE INCELL mayoreo","INCELL CON MARCO","Pantalla para Samsung S20 FE INCELL | HAODE México","未接入，不等于0"
"https://haode.com.mx/producto/samsung-incell-s20-plus/","型号页","Pantalla para Samsung S20 Plus INCELL","Display para Samsung S20 Plus INCELL; Pantalla para Samsung S20 Plus INCELL México; Pantalla para Samsung S20 Plus INCELL mayoreo","INCELL CON MARCO","Pantalla para Samsung S20 Plus INCELL | HAODE México","未接入，不等于0"
"https://haode.com.mx/producto/samsung-incell-s20-ultra/","型号页","Pantalla para Samsung S20 Ultra INCELL","Display para Samsung S20 Ultra INCELL; Pantalla para Samsung S20 Ultra INCELL México; Pantalla para Samsung S20 Ultra INCELL mayoreo","INCELL CON MARCO","Pantalla para Samsung S20 Ultra INCELL | HAODE México","未接入，不等于0"
"https://haode.com.mx/producto/samsung-incell-s21/","型号页","Pantalla para Samsung S21 INCELL","Display para Samsung S21 INCELL; Pantalla para Samsung S21 INCELL México; Pantalla para Samsung S21 INCELL mayoreo","INCELL CON MARCO","Pantalla para Samsung S21 INCELL | HAODE México","未接入，不等于0"
"https://haode.com.mx/producto/samsung-incell-s21-fe/","型号页","Pantalla para Samsung S21 FE INCELL","Display para Samsung S21 FE INCELL; Pantalla para Samsung S21 FE INCELL México; Pantalla para Samsung S21 FE INCELL mayoreo","INCELL CON MARCO","Pantalla para Samsung S21 FE INCELL | HAODE México","未接入，不等于0"
"https://haode.com.mx/producto/samsung-incell-s21-plus/","型号页","Pantalla para Samsung S21 Plus INCELL","Display para Samsung S21 Plus INCELL; Pantalla para Samsung S21 Plus INCELL México; Pantalla para Samsung S21 Plus INCELL mayoreo","INCELL CON MARCO","Pantalla para Samsung S21 Plus INCELL | HAODE México","未接入，不等于0"
"https://haode.com.mx/producto/samsung-incell-s21-ultra/","型号页","Pantalla para Samsung S21 Ultra INCELL","Display para Samsung S21 Ultra INCELL; Pantalla para Samsung S21 Ultra INCELL México; Pantalla para Samsung S21 Ultra INCELL mayoreo","INCELL CON MARCO","Pantalla para Samsung S21 Ultra INCELL | HAODE México","未接入，不等于0"
"https://haode.com.mx/producto/samsung-incell-s22/","型号页","Pantalla para Samsung S22 INCELL","Display para Samsung S22 INCELL; Pantalla para Samsung S22 INCELL México; Pantalla para Samsung S22 INCELL mayoreo","INCELL CON MARCO","Pantalla para Samsung S22 INCELL | HAODE México","未接入，不等于0"
"https://haode.com.mx/producto/samsung-incell-s22-plus/","型号页","Pantalla para Samsung S22 Plus INCELL","Display para Samsung S22 Plus INCELL; Pantalla para Samsung S22 Plus INCELL México; Pantalla para Samsung S22 Plus INCELL mayoreo","INCELL CON MARCO","Pantalla para Samsung S22 Plus INCELL | HAODE México","未接入，不等于0"
"https://haode.com.mx/producto/samsung-incell-s22-ultra/","型号页","Pantalla para Samsung S22 Ultra INCELL","Display para Samsung S22 Ultra INCELL; Pantalla para Samsung S22 Ultra INCELL México; Pantalla para Samsung S22 Ultra INCELL mayoreo","INCELL CON MARCO","Pantalla para Samsung S22 Ultra INCELL | HAODE México","未接入，不等于0"
"https://haode.com.mx/producto/samsung-incell-s23/","型号页","Pantalla para Samsung S23 INCELL","Display para Samsung S23 INCELL; Pantalla para Samsung S23 INCELL México; Pantalla para Samsung S23 INCELL mayoreo","INCELL CON MARCO","Pantalla para Samsung S23 INCELL | HAODE México","未接入，不等于0"
"https://haode.com.mx/producto/samsung-incell-s23-plus/","型号页","Pantalla para Samsung S23 Plus INCELL","Display para Samsung S23 Plus INCELL; Pantalla para Samsung S23 Plus INCELL México; Pantalla para Samsung S23 Plus INCELL mayoreo","INCELL CON MARCO","Pantalla para Samsung S23 Plus INCELL | HAODE México","未接入，不等于0"
"https://haode.com.mx/producto/samsung-incell-s23-ultra/","型号页","Pantalla para Samsung S23 Ultra INCELL","Display para Samsung S23 Ultra INCELL; Pantalla para Samsung S23 Ultra INCELL México; Pantalla para Samsung S23 Ultra INCELL mayoreo","INCELL CON MARCO","Pantalla para Samsung S23 Ultra INCELL | HAODE México","未接入，不等于0"
"https://haode.com.mx/producto/samsung-incell-s24/","型号页","Pantalla para Samsung S24 INCELL","Display para Samsung S24 INCELL; Pantalla para Samsung S24 INCELL México; Pantalla para Samsung S24 INCELL mayoreo","INCELL CON MARCO","Pantalla para Samsung S24 INCELL | HAODE México","未接入，不等于0"
"https://haode.com.mx/producto/samsung-incell-s24-plus/","型号页","Pantalla para Samsung S24 Plus INCELL","Display para Samsung S24 Plus INCELL; Pantalla para Samsung S24 Plus INCELL México; Pantalla para Samsung S24 Plus INCELL mayoreo","INCELL CON MARCO","Pantalla para Samsung S24 Plus INCELL | HAODE México","未接入，不等于0"
"https://haode.com.mx/producto/samsung-incell-s24-ultra/","型号页","Pantalla para Samsung S24 Ultra INCELL","Display para Samsung S24 Ultra INCELL; Pantalla para Samsung S24 Ultra INCELL México; Pantalla para Samsung S24 Ultra INCELL mayoreo","INCELL CON MARCO","Pantalla para Samsung S24 Ultra INCELL | HAODE México","未接入，不等于0"
"https://haode.com.mx/producto/samsung-incell-s8/","型号页","Pantalla para Samsung S8 INCELL","Display para Samsung S8 INCELL; Pantalla para Samsung S8 INCELL México; Pantalla para Samsung S8 INCELL mayoreo","INCELL CON MARCO","Pantalla para Samsung S8 INCELL | HAODE México","未接入，不等于0"
"https://haode.com.mx/producto/samsung-incell-s8-plus/","型号页","Pantalla para Samsung S8 Plus INCELL","Display para Samsung S8 Plus INCELL; Pantalla para Samsung S8 Plus INCELL México; Pantalla para Samsung S8 Plus INCELL mayoreo","INCELL CON MARCO","Pantalla para Samsung S8 Plus INCELL | HAODE México","未接入，不等于0"
"https://haode.com.mx/producto/samsung-incell-s9/","型号页","Pantalla para Samsung S9 INCELL","Display para Samsung S9 INCELL; Pantalla para Samsung S9 INCELL México; Pantalla para Samsung S9 INCELL mayoreo","INCELL CON MARCO","Pantalla para Samsung S9 INCELL | HAODE México","未接入，不等于0"
"https://haode.com.mx/producto/samsung-incell-s9-plus/","型号页","Pantalla para Samsung S9 Plus INCELL","Display para Samsung S9 Plus INCELL; Pantalla para Samsung S9 Plus INCELL México; Pantalla para Samsung S9 Plus INCELL mayoreo","INCELL CON MARCO","Pantalla para Samsung S9 Plus INCELL | HAODE México","未接入，不等于0"
"https://haode.com.mx/producto/samsung-incell-z-flip3/","型号页","Pantalla para Samsung Z FLIP3 INCELL","Display para Samsung Z FLIP3 INCELL; Pantalla para Samsung Z FLIP3 INCELL México; Pantalla para Samsung Z FLIP3 INCELL mayoreo","INCELL S/M","Pantalla para Samsung Z FLIP3 INCELL | HAODE México","未接入，不等于0"
"https://haode.com.mx/producto/samsung-incell-z-flip4/","型号页","Pantalla para Samsung Z FLIP4 INCELL","Display para Samsung Z FLIP4 INCELL; Pantalla para Samsung Z FLIP4 INCELL México; Pantalla para Samsung Z FLIP4 INCELL mayoreo","INCELL S/M","Pantalla para Samsung Z FLIP4 INCELL | HAODE México","未接入，不等于0"
"https://haode.com.mx/producto/samsung-incell-z-flip5/","型号页","Pantalla para Samsung Z FLIP5 INCELL","Display para Samsung Z FLIP5 INCELL; Pantalla para Samsung Z FLIP5 INCELL México; Pantalla para Samsung Z FLIP5 INCELL mayoreo","INCELL S/M","Pantalla para Samsung Z FLIP5 INCELL | HAODE México","未接入，不等于0"
"https://haode.com.mx/producto/samsung-incell-z-flip6/","型号页","Pantalla para Samsung Z FLIP6 INCELL","Display para Samsung Z FLIP6 INCELL; Pantalla para Samsung Z FLIP6 INCELL México; Pantalla para Samsung Z FLIP6 INCELL mayoreo","INCELL S/M","Pantalla para Samsung Z FLIP6 INCELL | HAODE México","未接入，不等于0"
"https://haode.com.mx/producto/samsung-oled-note-10/","型号页","Pantalla para Samsung Note 10 OLED","Display para Samsung Note 10 OLED; Pantalla para Samsung Note 10 OLED México; Pantalla para Samsung Note 10 OLED mayoreo","OLED CON MARCO","Pantalla para Samsung Note 10 OLED | HAODE México","未接入，不等于0"
"https://haode.com.mx/producto/samsung-oled-note-20/","型号页","Pantalla para Samsung Note 20 OLED","Display para Samsung Note 20 OLED; Pantalla para Samsung Note 20 OLED México; Pantalla para Samsung Note 20 OLED mayoreo","OLED CON MARCO","Pantalla para Samsung Note 20 OLED | HAODE México","未接入，不等于0"
"https://haode.com.mx/producto/samsung-oled-note-20-ultra/","型号页","Pantalla para Samsung Note 20 Ultra OLED","Display para Samsung Note 20 Ultra OLED; Pantalla para Samsung Note 20 Ultra OLED México; Pantalla para Samsung Note 20 Ultra OLED mayoreo","OLED CON MARCO","Pantalla para Samsung Note 20 Ultra OLED | HAODE México","未接入，不等于0"
"https://haode.com.mx/producto/samsung-oled-s20-plus/","型号页","Pantalla para Samsung S20 Plus OLED","Display para Samsung S20 Plus OLED; Pantalla para Samsung S20 Plus OLED México; Pantalla para Samsung S20 Plus OLED mayoreo","OLED CON MARCO","Pantalla para Samsung S20 Plus OLED | HAODE México","未接入，不等于0"
"https://haode.com.mx/producto/samsung-oled-s21-ultra/","型号页","Pantalla para Samsung S21 Ultra OLED","Display para Samsung S21 Ultra OLED; Pantalla para Samsung S21 Ultra OLED México; Pantalla para Samsung S21 Ultra OLED mayoreo","OLED CON MARCO","Pantalla para Samsung S21 Ultra OLED | HAODE México","未接入，不等于0"
"https://haode.com.mx/producto/samsung-oled-s22-ultra/","型号页","Pantalla para Samsung S22 Ultra OLED","Display para Samsung S22 Ultra OLED; Pantalla para Samsung S22 Ultra OLED México; Pantalla para Samsung S22 Ultra OLED mayoreo","OLED CON MARCO","Pantalla para Samsung S22 Ultra OLED | HAODE México","未接入，不等于0"
"https://haode.com.mx/producto/samsung-oled-s23-ultra/","型号页","Pantalla para Samsung S23 Ultra OLED","Display para Samsung S23 Ultra OLED; Pantalla para Samsung S23 Ultra OLED México; Pantalla para Samsung S23 Ultra OLED mayoreo","OLED CON MARCO","Pantalla para Samsung S23 Ultra OLED | HAODE México","未接入，不等于0"
"https://haode.com.mx/producto/samsung-oled-s24-ultra/","型号页","Pantalla para Samsung S24 Ultra OLED","Display para Samsung S24 Ultra OLED; Pantalla para Samsung S24 Ultra OLED México; Pantalla para Samsung S24 Ultra OLED mayoreo","OLED CON MARCO","Pantalla para Samsung S24 Ultra OLED | HAODE México","未接入，不等于0"
"https://haode.com.mx/producto/samsung-oled-s25-ultra/","型号页","Pantalla para Samsung S25 Ultra OLED","Display para Samsung S25 Ultra OLED; Pantalla para Samsung S25 Ultra OLED México; Pantalla para Samsung S25 Ultra OLED mayoreo","OLED CON MARCO","Pantalla para Samsung S25 Ultra OLED | HAODE México","未接入，不等于0"
"https://haode.com.mx/producto/samsung-original-note-20-ultra/","型号页","Pantalla para Samsung Note 20 Ultra Tipo Original","Display para Samsung Note 20 Ultra Tipo Original; Pantalla para Samsung Note 20 Ultra Tipo Original México; Pantalla para Samsung Note 20 Ultra Tipo Original mayoreo","TIPO ORIGINAL C/M","Pantalla para Samsung Note 20 Ultra Tipo Original | HAODE México","未接入，不等于0"
"https://haode.com.mx/producto/samsung-original-s21-ultra/","型号页","Pantalla para Samsung S21 Ultra Tipo Original","Display para Samsung S21 Ultra Tipo Original; Pantalla para Samsung S21 Ultra Tipo Original México; Pantalla para Samsung S21 Ultra Tipo Original mayoreo","TIPO ORIGINAL C/M","Pantalla para Samsung S21 Ultra Tipo Original | HAODE México","未接入，不等于0"
"https://haode.com.mx/producto/samsung-original-s22-plus/","型号页","Pantalla para Samsung S22 Plus Tipo Original","Display para Samsung S22 Plus Tipo Original; Pantalla para Samsung S22 Plus Tipo Original México; Pantalla para Samsung S22 Plus Tipo Original mayoreo","TIPO ORIGINAL C/M","Pantalla para Samsung S22 Plus Tipo Original | HAODE México","未接入，不等于0"
"https://haode.com.mx/producto/samsung-original-s22-ultra/","型号页","Pantalla para Samsung S22 Ultra Tipo Original","Display para Samsung S22 Ultra Tipo Original; Pantalla para Samsung S22 Ultra Tipo Original México; Pantalla para Samsung S22 Ultra Tipo Original mayoreo","TIPO ORIGINAL C/M","Pantalla para Samsung S22 Ultra Tipo Original | HAODE México","未接入，不等于0"
"https://haode.com.mx/producto/samsung-original-s23-plus/","型号页","Pantalla para Samsung S23 Plus Tipo Original","Display para Samsung S23 Plus Tipo Original; Pantalla para Samsung S23 Plus Tipo Original México; Pantalla para Samsung S23 Plus Tipo Original mayoreo","TIPO ORIGINAL C/M","Pantalla para Samsung S23 Plus Tipo Original | HAODE México","未接入，不等于0"
"https://haode.com.mx/producto/samsung-original-s23-ultra/","型号页","Pantalla para Samsung S23 Ultra Tipo Original","Display para Samsung S23 Ultra Tipo Original; Pantalla para Samsung S23 Ultra Tipo Original México; Pantalla para Samsung S23 Ultra Tipo Original mayoreo","TIPO ORIGINAL C/M","Pantalla para Samsung S23 Ultra Tipo Original | HAODE México","未接入，不等于0"
"https://haode.com.mx/producto/samsung-original-s24-ultra/","型号页","Pantalla para Samsung S24 Ultra Tipo Original","Display para Samsung S24 Ultra Tipo Original; Pantalla para Samsung S24 Ultra Tipo Original México; Pantalla para Samsung S24 Ultra Tipo Original mayoreo","TIPO ORIGINAL C/M","Pantalla para Samsung S24 Ultra Tipo Original | HAODE México","未接入，不等于0"
"https://haode.com.mx/producto/samsung-original-s25-ultra/","型号页","Pantalla para Samsung S25 Ultra Tipo Original","Display para Samsung S25 Ultra Tipo Original; Pantalla para Samsung S25 Ultra Tipo Original México; Pantalla para Samsung S25 Ultra Tipo Original mayoreo","TIPO ORIGINAL C/M","Pantalla para Samsung S25 Ultra Tipo Original | HAODE México","未接入，不等于0"
"https://haode.com.mx/producto/samsung-original-z-flip3/","型号页","Pantalla para Samsung Z Flip3 Tipo Original","Display para Samsung Z Flip3 Tipo Original; Pantalla para Samsung Z Flip3 Tipo Original México; Pantalla para Samsung Z Flip3 Tipo Original mayoreo","TIPO ORIGINAL C/M","Pantalla para Samsung Z Flip3 Tipo Original | HAODE México","未接入，不等于0"
"https://haode.com.mx/producto/samsung-original-z-flip4/","型号页","Pantalla para Samsung Z Flip4 Tipo Original","Display para Samsung Z Flip4 Tipo Original; Pantalla para Samsung Z Flip4 Tipo Original México; Pantalla para Samsung Z Flip4 Tipo Original mayoreo","TIPO ORIGINAL C/M","Pantalla para Samsung Z Flip4 Tipo Original | HAODE México","未接入，不等于0"
"https://haode.com.mx/producto/samsung-original-z-flip5/","型号页","Pantalla para Samsung Z Flip5 Tipo Original","Display para Samsung Z Flip5 Tipo Original; Pantalla para Samsung Z Flip5 Tipo Original México; Pantalla para Samsung Z Flip5 Tipo Original mayoreo","TIPO ORIGINAL C/M","Pantalla para Samsung Z Flip5 Tipo Original | HAODE México","未接入，不等于0"
"https://haode.com.mx/producto/samsung-original-z-flip6/","型号页","Pantalla para Samsung Z Flip6 Tipo Original","Display para Samsung Z Flip6 Tipo Original; Pantalla para Samsung Z Flip6 Tipo Original México; Pantalla para Samsung Z Flip6 Tipo Original mayoreo","TIPO ORIGINAL C/M","Pantalla para Samsung Z Flip6 Tipo Original | HAODE México","未接入，不等于0"
"https://haode.com.mx/producto/samsung-original-z-flip7/","型号页","Pantalla Samsung Z Flip7 Tipo Original","Display Samsung Z Flip7 Tipo Original; Pantalla Samsung Z Flip7 Tipo Original México; Pantalla Samsung Z Flip7 Tipo Original mayoreo","TIPO ORIGINAL C/M","Pantalla Samsung Z Flip7 Tipo Original | HAODE México","未接入，不等于0"
"https://haode.com.mx/producto/samsung-original-z-fold3/","型号页","Pantalla Samsung Z Fold3 Tipo Original","Display Samsung Z Fold3 Tipo Original; Pantalla Samsung Z Fold3 Tipo Original México; Pantalla Samsung Z Fold3 Tipo Original mayoreo","ORIGINAL C/M","Pantalla Samsung Z Fold3 Tipo Original | HAODE México","未接入，不等于0"
"https://haode.com.mx/producto/samsung-original-z-fold4/","型号页","Pantalla Samsung Z Fold4 Tipo Original","Display Samsung Z Fold4 Tipo Original; Pantalla Samsung Z Fold4 Tipo Original México; Pantalla Samsung Z Fold4 Tipo Original mayoreo","ORIGINAL C/M","Pantalla Samsung Z Fold4 Tipo Original | HAODE México","未接入，不等于0"
"https://haode.com.mx/producto/samsung-original-z-fold5/","型号页","Pantalla Samsung Z Fold5 Tipo Original","Display Samsung Z Fold5 Tipo Original; Pantalla Samsung Z Fold5 Tipo Original México; Pantalla Samsung Z Fold5 Tipo Original mayoreo","ORIGINAL C/M","Pantalla Samsung Z Fold5 Tipo Original | HAODE México","未接入，不等于0"
"https://haode.com.mx/producto/samsung-original-z-fold6/","型号页","Pantalla Samsung Z Fold6 Tipo Original","Display Samsung Z Fold6 Tipo Original; Pantalla Samsung Z Fold6 Tipo Original México; Pantalla Samsung Z Fold6 Tipo Original mayoreo","ORIGINAL C/M","Pantalla Samsung Z Fold6 Tipo Original | HAODE México","未接入，不等于0"
"https://haode.com.mx/categoria/iphone-incell/","category","Pantallas iPhone INCELL","型号及品质查询见分类与型号页","以具体SKU为准","Pantallas iPhone INCELL | HAODE México","未接入，不等于0"
"https://haode.com.mx/categoria/iphone-oled/","category","Pantallas iPhone OLED","型号及品质查询见分类与型号页","以具体SKU为准","Pantallas iPhone OLED | HAODE México","未接入，不等于0"
"https://haode.com.mx/categoria/oled-diagnostica/","category","Pantallas diagnóstico para iPhone","pantallas diagnostico iphone; pantallas diagnosticables iphone","以具体SKU为准","Pantallas diagnóstico para iPhone | HAODE México","未接入，不等于0"
"https://haode.com.mx/categoria/samsung-incell/","category","Pantallas Samsung INCELL","型号及品质查询见分类与型号页","以具体SKU为准","Pantallas Samsung INCELL | HAODE México","未接入，不等于0"
"https://haode.com.mx/categoria/samsung-oled/","category","Pantallas Samsung OLED","型号及品质查询见分类与型号页","以具体SKU为准","Pantallas Samsung OLED y AMOLED en México | HAODE","未接入，不等于0"
"https://haode.com.mx/categoria/samsung-tipo-original/","category","Pantallas Samsung tipo original con marco","型号及品质查询见分类与型号页","以具体SKU为准","Pantallas Samsung tipo original con marco | HAODE México","未接入，不等于0"
"https://haode.com.mx/guia-ia-haode-mexico/","guide","Guía oficial HAODE para IA y buscadores","pantallas diagnostico iphone; pantallas diagnosticables iphone","以具体SKU为准","Datos oficiales HAODE para Google e IA | México","未接入，不等于0"
"https://haode.com.mx/categoria/pantallas/","hub","Pantallas iPhone y Samsung","pantallas diagnostico iphone; pantallas diagnosticables iphone","以具体SKU为准","Pantallas para celular iPhone y Samsung | HAODE","未接入，不等于0"
"https://haode.com.mx/categoria/samsung-plegables/","category","Pantallas Samsung Z Flip y Z Fold","型号及品质查询见分类与型号页","以具体SKU为准","Pantallas Samsung Z Flip y Z Fold | HAODE México","未接入，不等于0"
"https://haode.com.mx/pantallas-iphone-mayoreo-mexico/","wholesale","Pantallas iPhone de mayoreo en México","pantallas diagnostico iphone; pantallas diagnosticables iphone","以具体SKU为准","Pantallas iPhone de mayoreo en México | HAODE","未接入，不等于0"
"https://haode.com.mx/pantallas-samsung-mayoreo-mexico/","wholesale","Pantallas Samsung de mayoreo en México","型号及品质查询见分类与型号页","以具体SKU为准","Pantallas Samsung de mayoreo en México | HAODE","未接入，不等于0"
"https://haode.com.mx/pantallas-iphone-incell-mayoreo-mexico/","wholesale","Pantallas iPhone INCELL de mayoreo","型号及品质查询见分类与型号页","以具体SKU为准","Pantallas iPhone INCELL de mayoreo | HAODE","未接入，不等于0"
"https://haode.com.mx/pantallas-iphone-oled-mayoreo-mexico/","wholesale","Pantallas iPhone OLED de mayoreo","型号及品质查询见分类与型号页","以具体SKU为准","Pantallas iPhone OLED de mayoreo | HAODE","未接入，不等于0"
"https://haode.com.mx/pantallas-samsung-incell-mayoreo-mexico/","wholesale","Pantallas Samsung INCELL de mayoreo","型号及品质查询见分类与型号页","以具体SKU为准","Pantallas Samsung INCELL de mayoreo | HAODE","未接入，不等于0"
"https://haode.com.mx/pantallas-samsung-oled-mayoreo-mexico/","wholesale","Pantallas Samsung OLED de mayoreo","型号及品质查询见分类与型号页","以具体SKU为准","Pantallas Samsung OLED de mayoreo | HAODE","未接入，不等于0"
"https://haode.com.mx/pantallas-samsung-zflip-zfold-original-mexico/","wholesale","Pantallas Z Flip y Z Fold: cotización por lista","型号及品质查询见分类与型号页","以具体SKU为准","Pantallas Z Flip y Z Fold: cotización por lista | HAODE","未接入，不等于0"
"https://haode.com.mx/pantallas-iphone-11-xr-mayoreo/","wholesale","Pantallas iPhone 11 y XR Mayoreo","型号及品质查询见分类与型号页","以具体SKU为准","Pantallas iPhone 11 y XR Mayoreo | HAODE","未接入，不等于0"
"https://haode.com.mx/pantallas-premium-iphone-samsung-fabrica/","guide","Pantallas premium iPhone y Samsung: guía de calidades","pantallas diagnostico iphone; pantallas diagnosticables iphone","以具体SKU为准","Pantallas iPhone y Samsung: guía de calidades | HAODE","未接入，不等于0"
