id,producto_nombre,categoria,modelo,descripcion,precio_publico,precio_mayoreo,imagen_path,video_path,website_present,app_present,website_precio_publico,website_precio_mayoreo,app_precio_publico,app_precio_mayoreo,image_exists,video_exists,price_status,category_status,product_status,estado,source,last_checked
lk-007-camara-digital-4k,"Cámara Digital 4K LK-007 | Pantalla Abatible 2.4"" | HAODE México",Cámaras Inteligentes,Pantalla abatible 2.4 pulgadas,"Cámara digital compacta estilo retro con pantalla abatible de 2.4 pulgadas, ideal para tomar fotos, grabar videos y crear contenido diario. Diseño moderno, colores atractivos y uso fácil para jóvenes, viajes, regalos y uso personal.",500,400,/assets/products/productos-ai/lk-007-camara-digital-4k/main.png,,yes,yes,500,400,500,400,yes,no,OK,OK,video_faltante,Activo,boss_confirmed_2026-06-16|desktop_asset_lk-007|app/products.json|website:data/products.generated.js|HAODE Lista_de_Precios_HAODE_2026_Clientesxlsx.xlsx · Lista_Precios · fila 193,2026-07-25
lk-018-camara-accion-hd,LK-018 Cámara de Acción HD | Pantalla Abatible | HAODE México,Cámaras Inteligentes,Pantalla abatible y diseño magnético,"Cámara de acción HD compacta con pantalla abatible y diseño magnético. Ideal para grabar contenido diario, viajes, actividades, manos libres y tomas en primera persona.",850,700,/assets/products/productos-ai/lk-018-camara-accion-hd/main.png,/assets/products/productos-ai/lk-018-camara-accion-hd/video-01.mp4,yes,yes,1200,1000,1200,1000,yes,yes,OK,OK,OK,Activo,boss_confirmed_2026-06-16|desktop_asset_lk-018|app/products.json|website:data/products.generated.js|HAODE Lista_de_Precios_HAODE_2026_Clientesxlsx.xlsx · Lista_Precios · fila 195,2026-07-25
lk-030-mini-camara-retro-digital,LK-030 Mini Cámara Retro Digital,Cámaras Inteligentes,Pantalla abatible,"Mini cámara retro digital con pantalla abatible y formato compacto para fotos, videos, viajes, regalos y contenido diario.",400,300,/assets/products/productos-ai/lk-030-mini-camara-retro-digital/main-red-hd.jpeg,,yes,yes,400,300,400,300,yes,no,OK,OK,video_faltante,Activo,existing_static_page|app/products.json|website:data/products.generated.js|HAODE Lista_de_Precios_HAODE_2026_Clientesxlsx.xlsx · Lista_Precios · fila 192,2026-07-25
lk-032-camara-inteligente-con-gimbal,LK-032 Cámara Inteligente con Gimbal,Cámaras Inteligentes,Cámara inteligente con gimbal,"Cámara portátil inteligente con estabilización integrada para contenido profesional, videos, transmisiones, viajes y grabación POV.",500,400,/assets/products/productos-ai/lk-032-camara-inteligente-con-gimbal/main.jpg,,yes,yes,1000,800,1000,800,yes,no,OK,OK,video_faltante,Activo,existing_static_page|app/products.json|website:data/products.generated.js|HAODE Lista_de_Precios_HAODE_2026_Clientesxlsx.xlsx · Lista_Precios · fila 194,2026-07-25
celular-samsung-note-20-ultra-12-plus-256,Samsung NOTE 20 Ultra,Celulares Samsung,Samsung NOTE 20 Ultra 12+256,"Samsung NOTE 20 Ultra 12+256 publicado desde la lista de precios HAODE. Consulta disponibilidad, estado del equipo y condiciones por WhatsApp antes de confirmar el pedido.",3800,3800,/assets/products/placeholder.svg,,yes,yes,3800,0,3800,3800,placeholder_authorized,no,OK,OK,imagen_pendiente,Activo,HAODE Lista_de_Precios_HAODE_2026_Clientesxlsx.xlsx · Lista_Precios · fila 216,2026-07-25
celular-samsung-note10-8-plus-256,Samsung NOTE10,Celulares Samsung,Samsung NOTE10 8+256,"Samsung NOTE10 8+256 publicado desde la lista de precios HAODE. Consulta disponibilidad, estado del equipo y condiciones por WhatsApp antes de confirmar el pedido.",2700,2700,/assets/products/placeholder.svg,,yes,yes,2700,0,2700,2700,placeholder_authorized,no,OK,OK,imagen_pendiente,Activo,HAODE Lista_de_Precios_HAODE_2026_Clientesxlsx.xlsx · Lista_Precios · fila 214,2026-07-25
celular-samsung-note10-plus-12-plus-256,Samsung NOTE10 PLUS,Celulares Samsung,Samsung NOTE10 PLUS 12+256,"Samsung NOTE10 PLUS 12+256 publicado desde la lista de precios HAODE. Consulta disponibilidad, estado del equipo y condiciones por WhatsApp antes de confirmar el pedido.",3500,3500,/assets/products/placeholder.svg,,yes,yes,3500,0,3500,3500,placeholder_authorized,no,OK,OK,imagen_pendiente,Activo,HAODE Lista_de_Precios_HAODE_2026_Clientesxlsx.xlsx · Lista_Precios · fila 215,2026-07-25
celular-samsung-note8-4-plus-64,Samsung NOTE8,Celulares Samsung,Samsung NOTE8 4+64,"Samsung NOTE8 4+64 publicado desde la lista de precios HAODE. Consulta disponibilidad, estado del equipo y condiciones por WhatsApp antes de confirmar el pedido.",2000,2000,/assets/products/placeholder.svg,,yes,yes,2000,0,2000,2000,placeholder_authorized,no,OK,OK,imagen_pendiente,Activo,HAODE Lista_de_Precios_HAODE_2026_Clientesxlsx.xlsx · Lista_Precios · fila 212,2026-07-25
celular-samsung-note9-8-plus-128,Samsung NOTE9,Celulares Samsung,Samsung NOTE9 8+128,"Samsung NOTE9 8+128 publicado desde la lista de precios HAODE. Consulta disponibilidad, estado del equipo y condiciones por WhatsApp antes de confirmar el pedido.",2500,2500,/assets/products/placeholder.svg,,yes,yes,2500,0,2500,2500,placeholder_authorized,no,OK,OK,imagen_pendiente,Activo,HAODE Lista_de_Precios_HAODE_2026_Clientesxlsx.xlsx · Lista_Precios · fila 213,2026-07-25
celular-samsung-s10-8-plus-128,Samsung S10,Celulares Samsung,Samsung S10 8+128,"Samsung S10 8+128 publicado desde la lista de precios HAODE. Consulta disponibilidad, estado del equipo y condiciones por WhatsApp antes de confirmar el pedido.",2500,2500,/assets/products/placeholder.svg,,yes,yes,2500,0,2500,2500,placeholder_authorized,no,OK,OK,imagen_pendiente,Activo,HAODE Lista_de_Precios_HAODE_2026_Clientesxlsx.xlsx · Lista_Precios · fila 201,2026-07-25
celular-samsung-s10-plus-8-plus-128,Samsung S10 PLUS,Celulares Samsung,Samsung S10 PLUS 8+128,"Samsung S10 PLUS 8+128 publicado desde la lista de precios HAODE. Consulta disponibilidad, estado del equipo y condiciones por WhatsApp antes de confirmar el pedido.",2700,2700,/assets/products/placeholder.svg,,yes,yes,2700,0,2700,2700,placeholder_authorized,no,OK,OK,imagen_pendiente,Activo,HAODE Lista_de_Precios_HAODE_2026_Clientesxlsx.xlsx · Lista_Precios · fila 202,2026-07-25
celular-samsung-s10e-8-plus-128,Samsung S10E,Celulares Samsung,Samsung S10E 8+128,"Samsung S10E 8+128 publicado desde la lista de precios HAODE. Consulta disponibilidad, estado del equipo y condiciones por WhatsApp antes de confirmar el pedido.",2800,2800,/assets/products/placeholder.svg,,yes,yes,2800,0,2800,2800,placeholder_authorized,no,OK,OK,imagen_pendiente,Activo,HAODE Lista_de_Precios_HAODE_2026_Clientesxlsx.xlsx · Lista_Precios · fila 203,2026-07-25
celular-samsung-s20-5g-12-plus-256,Samsung S20 5G,Celulares Samsung,Samsung S20 5G 12+256,"Samsung S20 5G 12+256 publicado desde la lista de precios HAODE. Consulta disponibilidad, estado del equipo y condiciones por WhatsApp antes de confirmar el pedido.",3000,3000,/assets/products/placeholder.svg,,yes,yes,3000,0,3000,3000,placeholder_authorized,no,OK,OK,imagen_pendiente,Activo,HAODE Lista_de_Precios_HAODE_2026_Clientesxlsx.xlsx · Lista_Precios · fila 204,2026-07-25
celular-samsung-s20-plus-12-plus-256,Samsung S20 PLUS,Celulares Samsung,Samsung S20 PLUS 12+256,"Samsung S20 PLUS 12+256 publicado desde la lista de precios HAODE. Consulta disponibilidad, estado del equipo y condiciones por WhatsApp antes de confirmar el pedido.",3300,3300,/assets/products/placeholder.svg,,yes,yes,3300,0,3300,3300,placeholder_authorized,no,OK,OK,imagen_pendiente,Activo,HAODE Lista_de_Precios_HAODE_2026_Clientesxlsx.xlsx · Lista_Precios · fila 205,2026-07-25
celular-samsung-s20-ultra-12-plus-256,Samsung S20 Ultra,Celulares Samsung,Samsung S20 Ultra 12+256,"Samsung S20 Ultra 12+256 publicado desde la lista de precios HAODE. Consulta disponibilidad, estado del equipo y condiciones por WhatsApp antes de confirmar el pedido.",3500,3500,/assets/products/placeholder.svg,,yes,yes,3500,0,3500,3500,placeholder_authorized,no,OK,OK,imagen_pendiente,Activo,HAODE Lista_de_Precios_HAODE_2026_Clientesxlsx.xlsx · Lista_Precios · fila 207,2026-07-25
celular-samsung-s20fe-6-plus-128,Samsung S20FE,Celulares Samsung,Samsung S20FE 6+128,"Samsung S20FE 6+128 publicado desde la lista de precios HAODE. Consulta disponibilidad, estado del equipo y condiciones por WhatsApp antes de confirmar el pedido.",2700,2700,/assets/products/placeholder.svg,,yes,yes,2700,0,2700,2700,placeholder_authorized,no,OK,OK,imagen_pendiente,Activo,HAODE Lista_de_Precios_HAODE_2026_Clientesxlsx.xlsx · Lista_Precios · fila 206,2026-07-25
celular-samsung-s21-12-plus-256,Samsung S21,Celulares Samsung,Samsung S21 12+256,"Samsung S21 12+256 publicado desde la lista de precios HAODE. Consulta disponibilidad, estado del equipo y condiciones por WhatsApp antes de confirmar el pedido.",3000,3000,/assets/products/placeholder.svg,,yes,yes,3000,0,3000,3000,placeholder_authorized,no,OK,OK,imagen_pendiente,Activo,HAODE Lista_de_Precios_HAODE_2026_Clientesxlsx.xlsx · Lista_Precios · fila 208,2026-07-25
celular-samsung-s21-ultra-12-plus-256,Samsung S21 Ultra,Celulares Samsung,Samsung S21 Ultra 12+256,"Samsung S21 Ultra 12+256 publicado desde la lista de precios HAODE. Consulta disponibilidad, estado del equipo y condiciones por WhatsApp antes de confirmar el pedido.",3800,3800,/assets/products/placeholder.svg,,yes,yes,3800,0,3800,3800,placeholder_authorized,no,OK,OK,imagen_pendiente,Activo,HAODE Lista_de_Precios_HAODE_2026_Clientesxlsx.xlsx · Lista_Precios · fila 209,2026-07-25
celular-samsung-s22-ultra-12-plus-256,Samsung S22 Ultra,Celulares Samsung,Samsung S22 Ultra 12+256,"Samsung S22 Ultra 12+256 publicado desde la lista de precios HAODE. Consulta disponibilidad, estado del equipo y condiciones por WhatsApp antes de confirmar el pedido.",4000,4000,/assets/products/placeholder.svg,,yes,yes,4000,0,4000,4000,placeholder_authorized,no,OK,OK,imagen_pendiente,Activo,HAODE Lista_de_Precios_HAODE_2026_Clientesxlsx.xlsx · Lista_Precios · fila 210,2026-07-25
celular-samsung-s9-6-plus-64,Samsung S9,Celulares Samsung,Samsung S9 6+64,"Samsung S9 6+64 publicado desde la lista de precios HAODE. Consulta disponibilidad, estado del equipo y condiciones por WhatsApp antes de confirmar el pedido.",2000,2000,/assets/products/placeholder.svg,,yes,yes,2000,0,2000,2000,placeholder_authorized,no,OK,OK,imagen_pendiente,Activo,HAODE Lista_de_Precios_HAODE_2026_Clientesxlsx.xlsx · Lista_Precios · fila 199,2026-07-25
celular-samsung-z-fip3-pro-doble-pantalla-8-plus-128,Samsung Z FIP3 PRO ，Doble Pantalla,Celulares Samsung,Samsung Z FIP3 PRO ，Doble Pantalla 8+128,"Samsung Z FIP3 PRO ，Doble Pantalla 8+128 publicado desde la lista de precios HAODE. Consulta disponibilidad, estado del equipo y condiciones por WhatsApp antes de confirmar el pedido.",4000,4000,/assets/products/placeholder.svg,,yes,yes,4000,0,4000,4000,placeholder_authorized,no,OK,OK,imagen_pendiente,Activo,HAODE Lista_de_Precios_HAODE_2026_Clientesxlsx.xlsx · Lista_Precios · fila 211,2026-07-25
celular-samsungs9-plus-6-plus-64,SamsungS9 PLUS,Celulares Samsung,SamsungS9 PLUS 6+64,"SamsungS9 PLUS 6+64 publicado desde la lista de precios HAODE. Consulta disponibilidad, estado del equipo y condiciones por WhatsApp antes de confirmar el pedido.",2300,2300,/assets/products/placeholder.svg,,yes,yes,2300,0,2300,2300,placeholder_authorized,no,OK,OK,imagen_pendiente,Activo,HAODE Lista_de_Precios_HAODE_2026_Clientesxlsx.xlsx · Lista_Precios · fila 200,2026-07-25
fundas-funda-5in1-con-mica-premium-3d,FUNDA 5IN1 CON MICA PREMIUM 3D,Fundas,FUNDA 5IN1 CON MICA PREMIUM 3D,"FUNDA 5IN1 CON MICA PREMIUM 3D · 145 para técnicos, tiendas y mayoreo HAODE en México. Consulta disponibilidad, modelo exacto y cantidad por WhatsApp antes de confirmar el pedido.",100,90,/assets/products/placeholder.svg,,yes,yes,100,90,100,90,placeholder_authorized,no,OK,OK,imagen_pendiente,Activo,HAODE Lista_de_Precios_HAODE_2026_Clientesxlsx.xlsx · Lista_Precios · fila 170,2026-07-25
fundas-funda-5in1-con-mica-premium-3d-13pro-14pro-16pro,FUNDA 5IN1 CON MICA PREMIUM 3D · 13PRO/14PRO/16PRO,Fundas,13PRO/14PRO/16PRO,"FUNDA 5IN1 CON MICA PREMIUM 3D · 13PRO/14PRO/16PRO · 145 para técnicos, tiendas y mayoreo HAODE en México. Consulta disponibilidad, modelo exacto y cantidad por WhatsApp antes de confirmar el pedido.",100,90,/assets/products/placeholder.svg,,yes,yes,100,90,100,90,placeholder_authorized,no,OK,OK,imagen_pendiente,Activo,HAODE Lista_de_Precios_HAODE_2026_Clientesxlsx.xlsx · Lista_Precios · fila 169,2026-07-25
fundas-kit-aluminio-de-17pro-con-logo-13pro-14pro-15pro-16pro,KIT ALUMINIO DE 17PRO CON LOGO · 13PRO/14PRO/15PRO/16PRO,Fundas,13PRO/14PRO/15PRO/16PRO,"KIT ALUMINIO DE 17PRO CON LOGO · 13PRO/14PRO/15PRO/16PRO · 145 para técnicos, tiendas y mayoreo HAODE en México. Consulta disponibilidad, modelo exacto y cantidad por WhatsApp antes de confirmar el pedido.",120,100,/assets/products/placeholder.svg,,yes,yes,120,100,120,100,placeholder_authorized,no,OK,OK,imagen_pendiente,Activo,HAODE Lista_de_Precios_HAODE_2026_Clientesxlsx.xlsx · Lista_Precios · fila 171,2026-07-25
fundas-kit-aluminio-de-17promax-con-logo,KIT ALUMINIO DE 17PROMAX CON LOGO,Fundas,KIT ALUMINIO DE 17PROMAX CON LOGO,"KIT ALUMINIO DE 17PROMAX CON LOGO · 145 para técnicos, tiendas y mayoreo HAODE en México. Consulta disponibilidad, modelo exacto y cantidad por WhatsApp antes de confirmar el pedido.",120,100,/assets/products/placeholder.svg,,yes,yes,120,100,120,100,placeholder_authorized,no,OK,OK,imagen_pendiente,Activo,HAODE Lista_de_Precios_HAODE_2026_Clientesxlsx.xlsx · Lista_Precios · fila 172,2026-07-25
fundas-kit-aluminio-de-17promax-sin-logo,KIT ALUMINIO DE 17PROMAX SIN LOGO,Fundas,KIT ALUMINIO DE 17PROMAX SIN LOGO,"KIT ALUMINIO DE 17PROMAX SIN LOGO · 145 para técnicos, tiendas y mayoreo HAODE en México. Consulta disponibilidad, modelo exacto y cantidad por WhatsApp antes de confirmar el pedido.",120,100,/assets/products/placeholder.svg,,yes,yes,120,100,120,100,placeholder_authorized,no,OK,OK,imagen_pendiente,Activo,"HAODE Lista_de_Precios_HAODE_2026_Clientesxlsx.xlsx · Lista_Precios · filas 173, 174, 175, 176",2026-07-25
fundas-kit-carcasa-metalica-con-flex-carcasas-11-17pro,KIT CARCASA METALICA CON FLEX · CARCASAS 11/17PRO,Fundas,CARCASAS 11/17PRO,"KIT CARCASA METALICA CON FLEX · CARCASAS 11/17PRO · 145 para técnicos, tiendas y mayoreo HAODE en México. Consulta disponibilidad, modelo exacto y cantidad por WhatsApp antes de confirmar el pedido.",400,350,/assets/products/placeholder.svg,,yes,yes,400,350,400,350,placeholder_authorized,no,OK,OK,imagen_pendiente,Activo,HAODE Lista_de_Precios_HAODE_2026_Clientesxlsx.xlsx · Lista_Precios · fila 166,2026-07-25
fundas-kit-carcasa-metalica-con-flex-carcasas-xr-17pro,KIT CARCASA METALICA CON FLEX · CARCASAS XR/17PRO,Fundas,CARCASAS XR/17PRO,"KIT CARCASA METALICA CON FLEX · CARCASAS XR/17PRO · 145 para técnicos, tiendas y mayoreo HAODE en México. Consulta disponibilidad, modelo exacto y cantidad por WhatsApp antes de confirmar el pedido.",400,350,/assets/products/placeholder.svg,,yes,yes,400,350,400,350,placeholder_authorized,no,OK,OK,imagen_pendiente,Activo,HAODE Lista_de_Precios_HAODE_2026_Clientesxlsx.xlsx · Lista_Precios · fila 165,2026-07-25
fundas-kit-carcasa-metalica-con-flex-carcasas-xs-17pro,KIT CARCASA METALICA CON FLEX · CARCASAS XS/17PRO,Fundas,CARCASAS XS/17PRO,"KIT CARCASA METALICA CON FLEX · CARCASAS XS/17PRO · 145 para técnicos, tiendas y mayoreo HAODE en México. Consulta disponibilidad, modelo exacto y cantidad por WhatsApp antes de confirmar el pedido.",400,350,/assets/products/placeholder.svg,,yes,yes,400,350,400,350,placeholder_authorized,no,OK,OK,imagen_pendiente,Activo,HAODE Lista_de_Precios_HAODE_2026_Clientesxlsx.xlsx · Lista_Precios · fila 167,2026-07-25
fundas-kit-carcasa-metalica-con-flex-carcasas-xsmax-17pro,KIT CARCASA METALICA CON FLEX · CARCASAS XSMAX/17PRO,Fundas,CARCASAS XSMAX/17PRO,"KIT CARCASA METALICA CON FLEX · CARCASAS XSMAX/17PRO · 145 para técnicos, tiendas y mayoreo HAODE en México. Consulta disponibilidad, modelo exacto y cantidad por WhatsApp antes de confirmar el pedido.",400,350,/assets/products/placeholder.svg,,yes,yes,400,350,400,350,placeholder_authorized,no,OK,OK,imagen_pendiente,Activo,HAODE Lista_de_Precios_HAODE_2026_Clientesxlsx.xlsx · Lista_Precios · fila 168,2026-07-25
aimb-g5-ai-sports,AIMB-G5 AI SPORTS,Gafas AI,Gafas AI deportivas,Gafas AI deportivas de HAODE. Cotiza cantidad y confirma detalles del modelo por WhatsApp.,855,805,/assets/products/productos-ai/aimb-g5-ai-smart-glasses/main.jpg,,yes,yes,855,805,855,805,yes,no,OK,OK,video_faltante,Activo,app/products.json|website:data/products.generated.js|HAODE_Lista_de_Precios_2026-09-24.xlsx · 2026-09-24,2026-09-24
gafas-ai-gafas-ai-m02,Gafas AI M02,Gafas AI,Gafas AI M02,Gafas AI M02 de HAODE. Cotiza cantidad y confirma detalles del modelo por WhatsApp.,800,750,/assets/products/placeholder.svg,,yes,yes,1600,1400,1600,1400,placeholder_authorized,no,OK,OK,imagen_pendiente,Activo,HAODE Lista_de_Precios_HAODE_2026_Clientesxlsx.xlsx · Lista_Precios · fila 187,2026-07-25
gafas-ai-gafas-ai-m08,Gafas AI M08,Gafas AI,Gafas AI M08,Gafas AI M08 de HAODE. Cotiza cantidad y confirma detalles del modelo por WhatsApp.,1000,900,/assets/products/placeholder.svg,,yes,yes,1700,1500,1700,1500,placeholder_authorized,no,OK,OK,imagen_pendiente,Activo,HAODE Lista_de_Precios_HAODE_2026_Clientesxlsx.xlsx · Lista_Precios · fila 186,2026-07-25
gafas-ai-gafas-ai-m89,Gafas AI M89,Gafas AI,Gafas AI M89,Gafas AI M89 de HAODE. Cotiza cantidad y confirma detalles del modelo por WhatsApp.,631,581,/assets/products/placeholder.svg,,yes,yes,631,581,631,581,placeholder_authorized,no,OK,OK,imagen_pendiente,Activo,HAODE_Lista_de_Precios_2026-09-24.xlsx · 2026-09-24,2026-09-24
gafas-ai-gafas-ai-m95,Gafas AI M95,Gafas AI,Gafas AI M95,Gafas AI M95 de HAODE. Cotiza cantidad y confirma detalles del modelo por WhatsApp.,709,659,/assets/products/placeholder.svg,,yes,yes,709,659,709,659,placeholder_authorized,no,OK,OK,imagen_pendiente,Activo,HAODE_Lista_de_Precios_2026-09-24.xlsx · 2026-09-24,2026-09-24
haode-ai-g3-smart-glasses,Gafas Inteligentes AI G3,Gafas AI,HAODE AI G3 Smart Glasses,HAODE AI G3 Smart Glasses de HAODE. Cotiza cantidad y confirma detalles del modelo por WhatsApp.,855,805,/assets/products/other/ai-smart-glasses-aimb-g3-main.jpeg,,yes,yes,855,805,855,805,yes,no,OK,OK,video_faltante,Activo,boss_confirmed_2026-06-05|app/products.json|website:ai-productos.html|website:products.generated.js|firestore_queue_pending|website:data/products.generated.js|HAODE_Lista_de_Precios_2026-09-24.xlsx · 2026-09-24,2026-09-24
haode-ai-w610-smart-glasses,Gafas Inteligentes AI W610,Gafas AI,HAODE AI W610 Smart Glasses,HAODE AI W610 Smart Glasses de HAODE. Cotiza cantidad y confirma detalles del modelo por WhatsApp.,946,896,/assets/products/productos-ai/w610-ai-smart-glasses/main.jpg,,yes,yes,946,896,946,896,yes,no,OK,OK,video_faltante,Activo,boss_confirmed_2026-06-05|app/products.json|website:ai-productos.html|website:products.generated.js|firestore_queue_pending|image_confirmed_local_w610_folder|website:data/products.generated.js|HAODE_Lista_de_Precios_2026-09-24.xlsx · 2026-09-24,2026-09-24
s1-ai-classic,HAODE AI CLASSIC S1,Gafas AI,Gafas AI classic,Gafas AI classic de HAODE. Cotiza cantidad y confirma detalles del modelo por WhatsApp.,545,510,/assets/products/productos-ai/s1-ai-classic/main.jpg,,yes,yes,1500,1300,1500,1300,yes,no,OK,OK,video_faltante,Activo,app/products.json|website:data/products.generated.js|HAODE Lista_de_Precios_HAODE_2026_Clientesxlsx.xlsx · Lista_Precios · fila 184,2026-07-25
w630-ai-pro,W630 AI PRO,Gafas AI,Gafas AI blancas,Gafas AI blancas de HAODE. Cotiza cantidad y confirma detalles del modelo por WhatsApp.,1092,1042,/assets/products/productos-ai/w630-ai-smart-glasses/main.jpg,,yes,yes,1092,1042,1092,1042,yes,no,OK,OK,video_faltante,Activo,app/products.json|website:data/products.generated.js|HAODE_Lista_de_Precios_2026-09-24.xlsx · 2026-09-24,2026-09-24
iphone-incell-11,Pantalla iPhone 11 INCELL FHD,Pantallas iPhone INCELL,iPhone 11 INCELL FHD,INCELL FHD versión estándar para reparación de iPhone 11. Cotiza cantidad y confirma compatibilidad por WhatsApp.,160,150,/assets/products/iphone-incell/11/fhd-main.jpg,,yes,yes,160,150,160,150,yes,no,OK,OK,OK,Activo,owner-confirmed name and media 2026-07-27|HAODE_Lista_de_Precios_2026-09-24.xlsx · 2026-09-24,2026-09-24
iphone-incell-11-bolsa-protectora,Pantalla para iPhone 11 Bolsa Protectora,Pantallas iPhone INCELL,iPhone 11 Bolsa Protectora INCELL FHD,"Pantalla para iPhone 11 Bolsa Protectora INCELL FHD para reparación celular en México. Esta versión usa bolsa protectora de espuma y se cotiza por separado de la versión estándar, con precio de Caja confirmado en $135 MXN por pieza. Consulta disponibilidad actual, modelo exacto y cantidad por WhatsApp antes de confirmar el pedido.",155,145,/assets/products/iphone-incell/11-bolsa-protectora/main.jpg,/assets/products/iphone-incell/11-bolsa-protectora/video-01.mp4,yes,yes,155,145,155,145,yes,yes,OK,OK,OK,Activo,website:data/products.generated.js|app/products.json|HAODE_Lista_de_Precios_2026-09-24.xlsx · 2026-09-24,2026-09-24
iphone-incell-11pro,Pantalla para iPhone 11 Pro,Pantallas iPhone INCELL,iPhone 11 Pro INCELL FHD,INCELL FHD para reparación de iPhone 11 Pro. Cotiza cantidad y confirma la versión correcta por WhatsApp.,195,185,/assets/products/iphone-incell/11pro/main.jpg,/assets/products/iphone-incell/11pro/video-01.mp4,yes,yes,195,185,195,185,yes,yes,OK,OK,OK,Activo,app/products.json|website:data/products.generated.js|HAODE_Lista_de_Precios_2026-09-24.xlsx · 2026-09-24,2026-09-24
iphone-incell-11promax,Pantalla para iPhone 11 Pro Max,Pantallas iPhone INCELL,iPhone 11 Pro Max INCELL FHD,INCELL FHD para reparación de iPhone 11 Pro Max. Cotiza cantidad y confirma la versión correcta por WhatsApp.,185,175,/assets/products/iphone-incell/11promax/main.jpg,/assets/products/iphone-incell/11promax/video-01.mp4,yes,yes,185,175,185,175,yes,yes,OK,OK,OK,Activo,app/products.json|website:data/products.generated.js|HAODE_Lista_de_Precios_2026-09-24.xlsx · 2026-09-24,2026-09-24
iphone-incell-12-12pro,Pantalla para iPhone 12 / 12 Pro,Pantallas iPhone INCELL,iPhone 12 / 12 Pro INCELL FHD,INCELL FHD para iPhone 12 / 12 Pro. Cotiza cantidad y confirma compatibilidad antes del pedido por WhatsApp.,195,180,/assets/products/iphone-incell/12-12pro/main.jpg,/assets/products/iphone-incell/12-12pro/video-01.mp4,yes,yes,195,180,195,180,yes,yes,OK,OK,OK,Activo,app/products.json|website:data/products.generated.js|HAODE_Lista_de_Precios_2026-09-24.xlsx · 2026-09-24,2026-09-24
iphone-incell-12mini,Pantalla para iPhone 12 mini,Pantallas iPhone INCELL,iPhone 12 mini INCELL FHD,INCELL FHD para iPhone 12 mini. Cotiza cantidad y confirma compatibilidad antes del pedido por WhatsApp.,210,195,/assets/products/iphone-incell/12mini/main.jpg,/assets/products/iphone-incell/12mini/video-01.mp4,yes,yes,210,195,210,195,yes,yes,OK,OK,OK,Activo,app/products.json|website:data/products.generated.js|HAODE_Lista_de_Precios_2026-09-24.xlsx · 2026-09-24,2026-09-24
iphone-incell-12promax,Pantalla para iPhone 12 Pro Max,Pantallas iPhone INCELL,iPhone 12 Pro Max INCELL FHD,INCELL FHD para iPhone 12 Pro Max. Cotiza cantidad y confirma compatibilidad antes del pedido por WhatsApp.,210,195,/assets/products/iphone-incell/12promax/main.jpg,/assets/products/iphone-incell/12promax/video-01.mp4,yes,yes,210,195,210,195,yes,yes,OK,OK,OK,Activo,app/products.json|website:data/products.generated.js|HAODE_Lista_de_Precios_2026-09-24.xlsx · 2026-09-24,2026-09-24
iphone-incell-13,Pantalla para iPhone 13,Pantallas iPhone INCELL,iPhone 13 INCELL FHD,INCELL FHD para iPhone 13. Cotiza cantidad y confirma compatibilidad antes del pedido por WhatsApp.,195,185,/assets/products/iphone-incell/13/main.jpg,/assets/products/iphone-incell/13/video-01.mp4,yes,yes,195,185,195,185,yes,yes,OK,OK,OK,Activo,app/products.json|website:data/products.generated.js|HAODE_Lista_de_Precios_2026-09-24.xlsx · 2026-09-24,2026-09-24
iphone-incell-13mini,Pantalla para iPhone 13 mini,Pantallas iPhone INCELL,iPhone 13 mini INCELL FHD,INCELL FHD para iPhone 13 mini. Cotiza cantidad y confirma compatibilidad antes del pedido por WhatsApp.,215,205,/assets/products/iphone-incell/13mini/main.jpg,/assets/products/iphone-incell/13mini/video-01.mp4,yes,yes,215,205,215,205,yes,yes,OK,OK,OK,Activo,app/products.json|website:data/products.generated.js|HAODE_Lista_de_Precios_2026-09-24.xlsx · 2026-09-24,2026-09-24
iphone-incell-13pro,Pantalla para iPhone 13 Pro,Pantallas iPhone INCELL,iPhone 13 Pro INCELL FHD,INCELL FHD para iPhone 13 Pro. Cotiza cantidad y confirma compatibilidad antes del pedido por WhatsApp.,240,225,/assets/products/iphone-incell/13pro/main.jpg,/assets/products/iphone-incell/13pro/video-01.mp4,yes,yes,240,225,240,225,yes,yes,OK,OK,OK,Activo,app/products.json|website:data/products.generated.js|HAODE_Lista_de_Precios_2026-09-24.xlsx · 2026-09-24,2026-09-24
iphone-incell-13promax,Pantalla para iPhone 13 Pro Max,Pantallas iPhone INCELL,iPhone 13 Pro Max INCELL FHD,INCELL FHD para iPhone 13 Pro Max. Cotiza cantidad y confirma compatibilidad antes del pedido por WhatsApp.,260,245,/assets/products/iphone-incell/13promax/main.jpg,/assets/products/iphone-incell/13promax/video-01.mp4,yes,yes,260,245,260,245,yes,yes,OK,OK,OK,Activo,app/products.json|website:data/products.generated.js|HAODE_Lista_de_Precios_2026-09-24.xlsx · 2026-09-24,2026-09-24
iphone-incell-14,Pantalla para iPhone 14,Pantallas iPhone INCELL,iPhone 14 INCELL FHD,INCELL FHD para iPhone 14. Cotiza por cantidad y confirma la versión correcta por WhatsApp.,205,190,/assets/products/iphone-incell/14/main.jpg,/assets/products/iphone-incell/14/video-01.mp4,yes,yes,205,190,205,190,yes,yes,OK,OK,OK,Activo,app/products.json|website:data/products.generated.js|HAODE_Lista_de_Precios_2026-09-24.xlsx · 2026-09-24,2026-09-24
iphone-incell-14plus,Pantalla para iPhone 14 Plus,Pantallas iPhone INCELL,iPhone 14 Plus INCELL FHD,INCELL FHD para iPhone 14 Plus. Cotiza por cantidad y confirma la versión correcta por WhatsApp.,240,225,/assets/products/iphone-incell/14plus/main.jpg,/assets/products/iphone-incell/14plus/video-01.mp4,yes,yes,240,225,240,225,yes,yes,OK,OK,OK,Activo,app/products.json|website:data/products.generated.js|HAODE_Lista_de_Precios_2026-09-24.xlsx · 2026-09-24,2026-09-24
iphone-incell-14pro,Pantalla para iPhone 14 Pro,Pantallas iPhone INCELL,iPhone 14 Pro INCELL FHD,INCELL FHD para iPhone 14 Pro. Cotiza por cantidad y confirma la versión correcta por WhatsApp.,245,230,/assets/products/iphone-incell/14pro/main.jpg,/assets/products/iphone-incell/14pro/video-01.mp4,yes,yes,245,230,245,230,yes,yes,OK,OK,OK,Activo,app/products.json|website:data/products.generated.js|HAODE_Lista_de_Precios_2026-09-24.xlsx · 2026-09-24,2026-09-24
iphone-incell-14promax,Pantalla para iPhone 14 Pro Max,Pantallas iPhone INCELL,iPhone 14 Pro Max INCELL FHD,INCELL FHD para iPhone 14 Pro Max. Cotiza por cantidad y confirma la versión correcta por WhatsApp.,260,245,/assets/products/iphone-incell/14promax/main.jpg,/assets/products/iphone-incell/14promax/video-01.mp4,yes,yes,260,245,260,245,yes,yes,OK,OK,OK,Activo,app/products.json|website:data/products.generated.js|HAODE_Lista_de_Precios_2026-09-24.xlsx · 2026-09-24,2026-09-24
iphone-incell-15,Pantalla para iPhone 15,Pantallas iPhone INCELL,iPhone 15 INCELL FHD,INCELL FHD para iPhone 15. Cotiza por cantidad y confirma la versión correcta por WhatsApp.,260,240,/assets/products/iphone-incell/15/main.jpg,/assets/products/iphone-incell/15/video-01.mp4,yes,yes,260,240,260,240,yes,yes,OK,OK,OK,Activo,app/products.json|website:data/products.generated.js|HAODE_Lista_de_Precios_2026-09-24.xlsx · 2026-09-24,2026-09-24
iphone-incell-15plus,Pantalla para iPhone 15 Plus,Pantallas iPhone INCELL,iPhone 15 Plus INCELL FHD,INCELL FHD para iPhone 15 Plus. Cotiza por cantidad y confirma la versión correcta por WhatsApp.,260,240,/assets/products/iphone-incell/15plus/main.jpg,/assets/products/iphone-incell/15plus/video-01.mp4,yes,yes,260,240,260,240,yes,yes,OK,OK,OK,Activo,app/products.json|website:data/products.generated.js|HAODE_Lista_de_Precios_2026-09-24.xlsx · 2026-09-24,2026-09-24
iphone-incell-15pro,Pantalla para iPhone 15 Pro,Pantallas iPhone INCELL,iPhone 15 Pro INCELL FHD,INCELL FHD para iPhone 15 Pro. Cotiza por cantidad y confirma la versión correcta por WhatsApp.,250,235,/assets/products/iphone-incell/15pro/main.jpg,/assets/products/iphone-incell/15pro/video-01.mp4,yes,yes,250,235,250,235,yes,yes,OK,OK,OK,Activo,app/products.json|website:data/products.generated.js|HAODE_Lista_de_Precios_2026-09-24.xlsx · 2026-09-24,2026-09-24
iphone-incell-15promax,Pantalla para iPhone 15 Pro Max,Pantallas iPhone INCELL,iPhone 15 Pro Max INCELL FHD,INCELL FHD para iPhone 15 Pro Max. Cotiza por cantidad y confirma la versión correcta por WhatsApp.,260,245,/assets/products/iphone-incell/15promax/main.jpg,/assets/products/iphone-incell/15promax/video-01.mp4,yes,yes,260,245,260,245,yes,yes,OK,OK,OK,Activo,app/products.json|website:data/products.generated.js|HAODE_Lista_de_Precios_2026-09-24.xlsx · 2026-09-24,2026-09-24
iphone-incell-16,Pantalla para iPhone 16,Pantallas iPhone INCELL,iPhone 16 INCELL FHD,"INCELL FHD para iPhone 16. Confirma versión correcta, cantidad y condiciones por WhatsApp.",280,260,/assets/products/iphone-incell/16/main.jpg,/assets/products/iphone-incell/16/video-01.mp4,yes,yes,280,260,280,260,yes,yes,OK,OK,OK,Activo,app/products.json|website:data/products.generated.js|HAODE_Lista_de_Precios_2026-09-24.xlsx · 2026-09-24,2026-09-24
iphone-incell-16e,Pantalla para iPhone 16e,Pantallas iPhone INCELL,iPhone 16e INCELL FHD,"INCELL FHD para iPhone 16e. Confirma versión correcta, cantidad y condiciones por WhatsApp.",245,230,/assets/products/iphone-incell/16e/main.jpg,/assets/products/iphone-incell/16e/video-01.mp4,yes,yes,245,230,245,230,yes,yes,OK,OK,OK,Activo,app/products.json|website:data/products.generated.js|HAODE_Lista_de_Precios_2026-09-24.xlsx · 2026-09-24,2026-09-24
iphone-incell-16plus,Pantalla para iPhone 16 Plus,Pantallas iPhone INCELL,iPhone 16 Plus INCELL FHD,"INCELL FHD para iPhone 16 Plus. Confirma versión correcta, cantidad y condiciones por WhatsApp.",280,260,/assets/products/iphone-incell/16plus/main.jpg,/assets/products/iphone-incell/16plus/video-01.mp4,yes,yes,280,260,280,260,yes,yes,OK,OK,OK,Activo,app/products.json|website:data/products.generated.js|HAODE_Lista_de_Precios_2026-09-24.xlsx · 2026-09-24,2026-09-24
iphone-incell-16pro,Pantalla para iPhone 16 Pro,Pantallas iPhone INCELL,iPhone 16 Pro INCELL FHD,"INCELL FHD para iPhone 16 Pro. Confirma versión correcta, cantidad y condiciones por WhatsApp.",455,425,/assets/products/iphone-incell/16pro/main.jpg,/assets/products/iphone-incell/16pro/video-01.mp4,yes,yes,455,425,455,425,yes,yes,OK,OK,OK,Activo,app/products.json|website:data/products.generated.js|HAODE_Lista_de_Precios_2026-09-24.xlsx · 2026-09-24,2026-09-24
iphone-incell-16promax,Pantalla para iPhone 16 Pro Max,Pantallas iPhone INCELL,iPhone 16 Pro Max INCELL FHD,"INCELL FHD para iPhone 16 Pro Max. Confirma versión correcta, cantidad y condiciones por WhatsApp.",455,425,/assets/products/iphone-incell/16promax/main.jpg,/assets/products/iphone-incell/16promax/video-01.mp4,yes,yes,455,425,455,425,yes,yes,OK,OK,OK,Activo,app/products.json|website:data/products.generated.js|HAODE_Lista_de_Precios_2026-09-24.xlsx · 2026-09-24,2026-09-24
iphone-incell-17,Pantalla para iPhone 17,Pantallas iPhone INCELL,iPhone 17 INCELL FHD,"INCELL FHD para iPhone 17. Confirma versión correcta, cantidad y condiciones por WhatsApp.",555,520,/assets/products/iphone-incell/17/main.jpg,,yes,yes,555,520,555,520,yes,no,OK,OK,video_faltante,Activo,app/products.json|website:data/products.generated.js|HAODE_Lista_de_Precios_2026-09-24.xlsx · 2026-09-24,2026-09-24
iphone-incell-17air,Pantalla para iPhone 17 Air,Pantallas iPhone INCELL,iPhone 17 Air INCELL FHD,"INCELL FHD para iPhone 17 Air. Confirma versión correcta, cantidad y condiciones por WhatsApp.",1040,975,/assets/products/iphone-incell/17air/main.jpg,,yes,yes,1040,975,1040,975,yes,no,OK,OK,video_faltante,Activo,app/products.json|website:data/products.generated.js|HAODE_Lista_de_Precios_2026-09-24.xlsx · 2026-09-24,2026-09-24
iphone-incell-17e,Pantalla para iPhone 17E,Pantallas iPhone INCELL,iPhone 17E INCELL FHD,INCELL FHD para reparación de iPhone 17E. Cotiza cantidad y confirma compatibilidad por WhatsApp.,245,230,/assets/products/placeholder.svg,,yes,yes,245,230,245,230,placeholder_authorized,no,OK,OK,imagen_pendiente,Activo,HAODE_Lista_de_Precios_2026-09-24.xlsx · 2026-09-24,2026-09-24
iphone-incell-17pro,Pantalla para iPhone 17 Pro,Pantallas iPhone INCELL,iPhone 17 Pro INCELL FHD,"INCELL FHD para iPhone 17 Pro. Confirma versión correcta, cantidad y condiciones por WhatsApp.",555,520,/assets/products/iphone-incell/17pro/main.jpg,,yes,yes,555,520,555,520,yes,no,OK,OK,video_faltante,Activo,app/products.json|website:data/products.generated.js|HAODE_Lista_de_Precios_2026-09-24.xlsx · 2026-09-24,2026-09-24
iphone-incell-17promax,Pantalla para iPhone 17 Pro Max,Pantallas iPhone INCELL,iPhone 17 Pro Max INCELL FHD,"INCELL FHD para iPhone 17 Pro Max. Confirma versión correcta, cantidad y condiciones por WhatsApp.",555,520,/assets/products/iphone-incell/17promax/main.jpg,/assets/products/iphone-incell/17promax/video-01.mp4,yes,yes,555,520,555,520,yes,yes,OK,OK,OK,Activo,app/products.json|website:data/products.generated.js|HAODE_Lista_de_Precios_2026-09-24.xlsx · 2026-09-24,2026-09-24
iphone-incell-x,Pantalla para iPhone X,Pantallas iPhone INCELL,iPhone X INCELL FHD,INCELL FHD para reparación de iPhone X. Cotiza cantidad y confirma la versión correcta por WhatsApp.,160,155,/assets/products/iphone-incell/x/main.jpg,/assets/products/iphone-incell/x/video-01.mp4,yes,yes,160,155,160,155,yes,yes,OK,OK,OK,Activo,app/products.json|website:data/products.generated.js|HAODE_Lista_de_Precios_2026-09-24.xlsx · 2026-09-24,2026-09-24
iphone-incell-xr,Pantalla para iPhone XR,Pantallas iPhone INCELL,iPhone XR INCELL FHD,"Pantalla para iPhone XR INCELL FHD versión estándar para reparación celular en México. Esta versión se cotiza por separado de XR Bolsa Protectora. Disponible para técnicos, tiendas y mayoreo HAODE con confirmación por WhatsApp antes de ordenar.",160,150,/assets/products/iphone-incell/xr/main.jpg,/assets/products/iphone-incell/xr/video-01.mp4,yes,yes,160,150,160,150,yes,yes,OK,OK,OK,Activo,app/products.json|website:data/products.generated.js|HAODE_Lista_de_Precios_2026-09-24.xlsx · 2026-09-24,2026-09-24
iphone-incell-xr-bolsa-protectora,Pantalla para iPhone XR Bolsa Protectora,Pantallas iPhone INCELL,iPhone XR Bolsa Protectora INCELL FHD,"Pantalla para iPhone XR Bolsa Protectora INCELL FHD para reparación celular en México. Esta versión usa bolsa protectora de espuma y se cotiza por separado de la versión estándar, con precio de Caja confirmado en $135 MXN por pieza. Consulta disponibilidad actual, modelo exacto y cantidad por WhatsApp antes de confirmar el pedido.",155,145,/assets/products/iphone-incell/xr-bolsa-protectora/main.jpg,/assets/products/iphone-incell/xr-bolsa-protectora/video-01.mp4,yes,yes,155,145,155,145,yes,yes,OK,OK,OK,Activo,website:data/products.generated.js|app/products.json|HAODE_Lista_de_Precios_2026-09-24.xlsx · 2026-09-24,2026-09-24
iphone-incell-xs,Pantalla para iPhone XS,Pantallas iPhone INCELL,iPhone XS INCELL FHD,INCELL FHD para reparación de iPhone XS. Cotiza cantidad y confirma la versión correcta por WhatsApp.,160,155,/assets/products/iphone-incell/xs/main.jpg,/assets/products/iphone-incell/xs/video-01.mp4,yes,yes,160,155,160,155,yes,yes,OK,OK,OK,Activo,app/products.json|website:data/products.generated.js|HAODE_Lista_de_Precios_2026-09-24.xlsx · 2026-09-24,2026-09-24
iphone-incell-xsmax,Pantalla para iPhone XS Max,Pantallas iPhone INCELL,iPhone XS Max INCELL FHD,INCELL FHD para reparación de iPhone XS Max. Cotiza cantidad y confirma la versión correcta por WhatsApp.,175,165,/assets/products/iphone-incell/xsmax/main.jpg,/assets/products/iphone-incell/xsmax/video-01.mp4,yes,yes,175,165,175,165,yes,yes,OK,OK,OK,Activo,app/products.json|website:data/products.generated.js|HAODE_Lista_de_Precios_2026-09-24.xlsx · 2026-09-24,2026-09-24
iphone-oled-11promax,Pantalla para iPhone 11 Pro Max,Pantallas iPhone OLED,iPhone 11 Pro Max OLED PREMIUM,OLED PREMIUM para reparación de iPhone 11 Pro Max. Cotiza cantidad y confirma compatibilidad por WhatsApp.,620,600,/assets/products/iphone-oled/11promax/main.jpg,/assets/products/iphone-oled/11promax/video-01.mp4,yes,yes,620,600,620,600,yes,yes,OK,OK,OK,Activo,app/products.json|website:data/products.generated.js|HAODE_Lista_de_Precios_2026-09-24.xlsx · 2026-09-24,2026-09-24
iphone-oled-12-12pro,Pantalla para iPhone 12 / 12 Pro,Pantallas iPhone OLED,iPhone 12 / 12 Pro OLED PREMIUM,OLED PREMIUM para reparación de iPhone 12 / 12 Pro. Cotiza cantidad y confirma compatibilidad por WhatsApp.,655,640,/assets/products/iphone-oled/12-12pro/main.jpg,/assets/products/iphone-oled/12-12pro/video-01.mp4,yes,yes,655,640,655,640,yes,yes,OK,OK,OK,Activo,app/products.json|website:data/products.generated.js|HAODE_Lista_de_Precios_2026-09-24.xlsx · 2026-09-24,2026-09-24
iphone-oled-12promax,Pantalla para iPhone 12 Pro Max,Pantallas iPhone OLED,iPhone 12 Pro Max OLED PREMIUM,OLED PREMIUM para reparación de iPhone 12 Pro Max. Cotiza cantidad y confirma compatibilidad por WhatsApp.,620,605,/assets/products/iphone-oled/12promax/main.jpg,/assets/products/iphone-oled/12promax/video-01.mp4,yes,yes,620,605,620,605,yes,yes,OK,OK,OK,Activo,app/products.json|website:data/products.generated.js|HAODE_Lista_de_Precios_2026-09-24.xlsx · 2026-09-24,2026-09-24
iphone-oled-13,Pantalla para iPhone 13,Pantallas iPhone OLED,iPhone 13 OLED PREMIUM,OLED PREMIUM para reparación de iPhone 13. Cotiza cantidad y confirma compatibilidad por WhatsApp.,530,515,/assets/products/iphone-oled/13/main.jpg,/assets/products/iphone-oled/13/video-01.mp4,yes,yes,530,515,530,515,yes,yes,OK,OK,OK,Activo,app/products.json|website:data/products.generated.js|HAODE_Lista_de_Precios_2026-09-24.xlsx · 2026-09-24,2026-09-24
iphone-oled-13pro,Pantalla para iPhone 13 Pro,Pantallas iPhone OLED,iPhone 13 Pro OLED PREMIUM,OLED PREMIUM para reparación de iPhone 13 Pro. Cotiza cantidad y confirma compatibilidad por WhatsApp.,620,605,/assets/products/iphone-oled/13pro/main.jpg,/assets/products/iphone-oled/13pro/video-01.mp4,yes,yes,620,605,620,605,yes,yes,OK,OK,OK,Activo,app/products.json|website:data/products.generated.js|HAODE_Lista_de_Precios_2026-09-24.xlsx · 2026-09-24,2026-09-24
iphone-oled-13promax,Pantalla para iPhone 13 Pro Max,Pantallas iPhone OLED,iPhone 13 Pro Max OLED PREMIUM,OLED PREMIUM para reparación de iPhone 13 Pro Max. Cotiza cantidad y confirma compatibilidad por WhatsApp.,640,620,/assets/products/iphone-oled/13promax/main.jpg,/assets/products/iphone-oled/13promax/video-01.mp4,yes,yes,640,620,640,620,yes,yes,OK,OK,OK,Activo,app/products.json|website:data/products.generated.js|HAODE_Lista_de_Precios_2026-09-24.xlsx · 2026-09-24,2026-09-24
iphone-oled-14,Pantalla para iPhone 14,Pantallas iPhone OLED,iPhone 14 OLED PREMIUM,OLED PREMIUM para reparación de iPhone 14. Cotiza cantidad y confirma compatibilidad por WhatsApp.,530,515,/assets/products/iphone-oled/14/main.jpg,/assets/products/iphone-oled/14/video-01.mp4,yes,yes,530,515,530,515,yes,yes,OK,OK,OK,Activo,app/products.json|website:data/products.generated.js|HAODE_Lista_de_Precios_2026-09-24.xlsx · 2026-09-24,2026-09-24
iphone-oled-14plus,Pantalla para iPhone 14 Plus,Pantallas iPhone OLED,iPhone 14 Plus OLED PREMIUM,OLED PREMIUM para reparación de iPhone 14 Plus. Cotiza cantidad y confirma compatibilidad por WhatsApp.,940,920,/assets/products/iphone-oled/14plus/main.jpg,/assets/products/iphone-oled/14plus/video-01.mp4,yes,yes,940,920,940,920,yes,yes,OK,OK,OK,Activo,app/products.json|website:data/products.generated.js|HAODE_Lista_de_Precios_2026-09-24.xlsx · 2026-09-24,2026-09-24
iphone-oled-14pro,Pantalla para iPhone 14 Pro,Pantallas iPhone OLED,iPhone 14 Pro OLED PREMIUM,OLED PREMIUM para reparación de iPhone 14 Pro. Cotiza cantidad y confirma compatibilidad por WhatsApp.,1025,1000,/assets/products/iphone-oled/14pro/main.jpg,/assets/products/iphone-oled/14pro/video-01.mp4,yes,yes,1025,1000,1025,1000,yes,yes,OK,OK,OK,Activo,app/products.json|website:data/products.generated.js|HAODE_Lista_de_Precios_2026-09-24.xlsx · 2026-09-24,2026-09-24
iphone-oled-14promax,Pantalla para iPhone 14 Pro Max,Pantallas iPhone OLED,iPhone 14 Pro Max OLED PREMIUM,OLED PREMIUM para reparación de iPhone 14 Pro Max. Cotiza cantidad y confirma compatibilidad por WhatsApp.,620,605,/assets/products/iphone-oled/14promax/main.jpg,/assets/products/iphone-oled/14promax/video-01.mp4,yes,yes,620,605,620,605,yes,yes,OK,OK,OK,Activo,app/products.json|website:data/products.generated.js|HAODE_Lista_de_Precios_2026-09-24.xlsx · 2026-09-24,2026-09-24
iphone-oled-15,Pantalla para iPhone 15,Pantallas iPhone OLED,iPhone 15 OLED PREMIUM,OLED PREMIUM para reparación de iPhone 15. Cotiza cantidad y confirma compatibilidad por WhatsApp.,1025,1000,/assets/products/iphone-oled/15/main.jpg,/assets/products/iphone-oled/15/video-01.mp4,yes,yes,1025,1000,1025,1000,yes,yes,OK,OK,OK,Activo,app/products.json|website:data/products.generated.js|HAODE_Lista_de_Precios_2026-09-24.xlsx · 2026-09-24,2026-09-24
iphone-oled-15promax,Pantalla para iPhone 15 Pro Max,Pantallas iPhone OLED,iPhone 15 Pro Max OLED PREMIUM,OLED PREMIUM para reparación de iPhone 15 Pro Max. Cotiza cantidad y confirma compatibilidad por WhatsApp.,935,910,/assets/products/iphone-oled/15promax/main.jpg,/assets/products/iphone-oled/15promax/video-01.mp4,yes,yes,935,910,935,910,yes,yes,OK,OK,OK,Activo,app/products.json|website:data/products.generated.js|HAODE_Lista_de_Precios_2026-09-24.xlsx · 2026-09-24,2026-09-24
iphone-oled-16e,Pantalla para iPhone 16E,Pantallas iPhone OLED,iPhone 16E OLED PREMIUM,OLED PREMIUM para reparación de iPhone 16E. Cotiza cantidad y confirma compatibilidad por WhatsApp.,600,585,/assets/products/placeholder.svg,,yes,yes,600,585,600,585,placeholder_authorized,no,OK,OK,imagen_pendiente,Activo,HAODE_Lista_de_Precios_2026-09-24.xlsx · 2026-09-24,2026-09-24
iphone-oled-16pro,Pantalla para iPhone 16 Pro,Pantallas iPhone OLED,iPhone 16 Pro OLED PREMIUM,OLED PREMIUM para reparación de iPhone 16 Pro. Cotiza cantidad y confirma compatibilidad por WhatsApp.,845,825,/assets/products/iphone-oled/16pro/main.jpg,/assets/products/iphone-oled/16pro/video-01.mp4,yes,yes,845,825,845,825,yes,yes,OK,OK,OK,Activo,app/products.json|website:data/products.generated.js|HAODE_Lista_de_Precios_2026-09-24.xlsx · 2026-09-24,2026-09-24
iphone-oled-16promax,Pantalla para iPhone 16 Pro Max Soft OLED,Pantallas iPhone OLED,iPhone 16 Pro Max SOFT OLED PREMIUM MOVE IC,SOFT OLED PREMIUM MOVE IC para reparación de iPhone 16 Pro Max. Cotiza cantidad y confirma compatibilidad por WhatsApp.,1805,1760,/assets/products/iphone-oled/16promax/main.jpg,/assets/products/iphone-oled/16promax/video-01.mp4,yes,yes,1805,1760,1805,1760,yes,yes,OK,OK,OK,Activo,app/products.json|website:data/products.generated.js|HAODE_Lista_de_Precios_2026-09-24.xlsx · 2026-09-24,2026-09-24
iphone-oled-16promax-hard,Pantalla para iPhone 16 Pro Max Hard OLED,Pantallas iPhone OLED,iPhone 16 Pro Max OLED PREMIUM MOVE IC,OLED PREMIUM MOVE IC para reparación de iPhone 16 Pro Max. Cotiza cantidad y confirma compatibilidad por WhatsApp.,845,825,/assets/products/iphone-oled/16promax-hard/main.jpg,/assets/products/iphone-oled/16promax-hard/video-01.mp4,yes,yes,845,825,845,825,yes,yes,OK,OK,OK,Activo,app/products.json|website:data/products.generated.js|HAODE_Lista_de_Precios_2026-09-24.xlsx · 2026-09-24,2026-09-24
iphone-oled-soft-14,Pantalla para iPhone 14,Pantallas iPhone OLED,iPhone 14 SOFT OLED PREMIUM,SOFT OLED PREMIUM para reparación de iPhone 14. Cotiza cantidad y confirma compatibilidad por WhatsApp.,1070,1040,/assets/products/placeholder.svg,,yes,yes,1070,1040,1070,1040,placeholder_authorized,no,OK,OK,imagen_pendiente,Activo,HAODE_Lista_de_Precios_2026-09-24.xlsx · 2026-09-24,2026-09-24
iphone-oled-soft-14-plus,Pantalla para iPhone 14 plus,Pantallas iPhone OLED,iPhone 14 plus SOFT OLED PREMIUM,SOFT OLED PREMIUM para reparación de iPhone 14 plus. Cotiza cantidad y confirma compatibilidad por WhatsApp.,1070,1040,/assets/products/placeholder.svg,,yes,yes,1070,1040,1070,1040,placeholder_authorized,no,OK,OK,imagen_pendiente,Activo,HAODE_Lista_de_Precios_2026-09-24.xlsx · 2026-09-24,2026-09-24
iphone-oled-soft-15pro,Pantalla para iPhone 15PRO,Pantallas iPhone OLED,iPhone 15PRO SOFT OLED PREMIUM,SOFT OLED PREMIUM para reparación de iPhone 15PRO. Cotiza cantidad y confirma compatibilidad por WhatsApp.,1025,1000,/assets/products/placeholder.svg,,yes,yes,1025,1000,1025,1000,placeholder_authorized,no,OK,OK,imagen_pendiente,Activo,HAODE_Lista_de_Precios_2026-09-24.xlsx · 2026-09-24,2026-09-24
iphone-oled-xsmax,Pantalla para iPhone XS Max,Pantallas iPhone OLED,iPhone XS Max OLED PREMIUM,OLED PREMIUM para reparación de iPhone XS Max. Cotiza cantidad y confirma compatibilidad por WhatsApp.,540,525,/assets/products/iphone-oled/xsmax/main.jpg,/assets/products/iphone-oled/xsmax/video-01.mp4,yes,yes,540,525,540,525,yes,yes,OK,OK,OK,Activo,app/products.json|website:data/products.generated.js|HAODE_Lista_de_Precios_2026-09-24.xlsx · 2026-09-24,2026-09-24
mica-hd,MICA HD,Micas,Paquete 50 pzs,"Mica transparente para corte profesional. Ideal para uso diario y alta claridad.

Beneficios:
- Alta transparencia
- Protección diaria
- Compatible con corte profesional
- Paquete de 50 pzs",350,300,/assets/products/micas/hd/main.png,,yes,yes,350,300,350,300,yes,no,OK,OK,video_faltante,Activo,app/products.json|website:data/products.generated.js|HAODE_Lista_de_Precios_2026-09-24.xlsx · 2026-09-24,2026-09-24
mica-matte,MICA MATTE,Micas,Paquete 50 pzs,"Mica matte con acabado suave y antirreflejo para uso diario.

Beneficios:
- Acabado mate
- Menos reflejo
- Tacto suave
- Protección diaria
- Paquete de 50 pzs",350,300,/assets/products/micas/matte/main.png,,yes,yes,350,300,350,300,yes,no,OK,OK,video_faltante,Activo,app/products.json|website:data/products.generated.js|HAODE_Lista_de_Precios_2026-09-24.xlsx · 2026-09-24,2026-09-24
mica-privacidad-hd,MICA PRIVACIDAD HD,Micas,Paquete 50 pzs,"Mica de privacidad HD para proteger la información en lugares públicos.

Beneficios:
- Privacidad lateral
- Protección visual
- Uso diario
- Acabado limpio
- Paquete de 50 pzs",800,750,/assets/products/micas/privacidad-hd/main.png,,yes,yes,800,750,800,750,yes,no,OK,OK,video_faltante,Activo,app/products.json|website:data/products.generated.js|HAODE_Lista_de_Precios_2026-09-24.xlsx · 2026-09-24,2026-09-24
mica-privacidad-matte,MICA PRIVACIDAD MATTE,Micas,Paquete 50 pzs,"Mica de privacidad matte con acabado antirreflejo y protección visual.

Beneficios:
- Privacidad lateral
- Acabado matte
- Menos reflejo
- Protección diaria
- Paquete de 50 pzs",800,750,/assets/products/micas/privacidad-matte/main.png,,yes,yes,800,750,800,750,yes,no,OK,OK,video_faltante,Activo,app/products.json|website:data/products.generated.js|HAODE_Lista_de_Precios_2026-09-24.xlsx · 2026-09-24,2026-09-24
x200t-cortadora-micas,HAODE X200T Cortadora Inteligente de Micas,Micas,X200T,Maquina inteligente para corte de micas compatible con catalogo amplio de modelos. Ideal para tiendas de reparacion y negocios de accesorios.,6000,5800,/assets/products/cut-machine/x200t/main.jpg,,yes,yes,6000,5800,6000,5800,yes,no,OK,OK,OK,Activo,app/products.json|HAODE_Lista_de_Precios_2026-09-24.xlsx · 2026-09-24,2026-09-24
haode-pantalla-oled-diagnostica-modelo-11-pro-max,HAODE Pantalla OLED Diagnóstica - Modelo 11 Pro Max,Pantallas OLED Diagnóstica,Modelo 11 Pro Max,OLED diagnóstica para reparación de iPhone 11 Pro Max. Cotiza cantidad y confirma compatibilidad por WhatsApp.,685,640,/assets/products/oled-diagnostica/11-pro-max.png,/assets/products/oled-diagnostica/video-01.mp4,yes,yes,685,640,685,640,yes,yes,OK,OK,OK,Activo,boss_confirmed_2026-06-20_oled_diagnostica_tier_prices|app/products.json|website:data/products.generated.js|HAODE_Lista_de_Precios_2026-09-24.xlsx · 2026-09-24,2026-09-24
haode-pantalla-oled-diagnostica-modelo-12-12-pro,HAODE Pantalla OLED Diagnóstica - Modelo 12 / 12 Pro,Pantallas OLED Diagnóstica,Modelo 12 / 12 Pro,OLED diagnóstica para reparación de iPhone 12 / 12 Pro. Cotiza cantidad y confirma compatibilidad por WhatsApp.,760,710,/assets/products/oled-diagnostica/12-12-pro.png,/assets/products/oled-diagnostica/video-01.mp4,yes,yes,760,710,760,710,yes,yes,OK,OK,OK,Activo,boss_confirmed_2026-06-20_oled_diagnostica_tier_prices|app/products.json|website:data/products.generated.js|HAODE_Lista_de_Precios_2026-09-24.xlsx · 2026-09-24,2026-09-24
haode-pantalla-oled-diagnostica-modelo-12-pro-max,HAODE Pantalla OLED Diagnóstica - Modelo 12 Pro Max,Pantallas OLED Diagnóstica,Modelo 12 Pro Max,OLED diagnóstica para reparación de iPhone 12 Pro Max. Cotiza cantidad y confirma compatibilidad por WhatsApp.,900,840,/assets/products/oled-diagnostica/12-pro-max.png,/assets/products/oled-diagnostica/video-01.mp4,yes,yes,900,840,900,840,yes,yes,OK,OK,OK,Activo,boss_confirmed_2026-06-20_oled_diagnostica_tier_prices|app/products.json|website:data/products.generated.js|HAODE_Lista_de_Precios_2026-09-24.xlsx · 2026-09-24,2026-09-24
haode-pantalla-oled-diagnostica-modelo-13,HAODE Pantalla OLED Diagnóstica - Modelo 13,Pantallas OLED Diagnóstica,Modelo 13,OLED diagnóstica para reparación de iPhone 13. Cotiza cantidad y confirma compatibilidad por WhatsApp.,890,830,/assets/products/oled-diagnostica/13-13-pro.png,/assets/products/oled-diagnostica/video-01.mp4,yes,yes,890,830,890,830,yes,yes,OK,OK,OK,Activo,boss_confirmed_2026-06-20_oled_diagnostica_tier_prices|app/products.json|website:data/products.generated.js|HAODE_Lista_de_Precios_2026-09-24.xlsx · 2026-09-24,2026-09-24
haode-pantalla-oled-diagnostica-modelo-13-pro,HAODE Pantalla OLED Diagnóstica - Modelo 13 Pro,Pantallas OLED Diagnóstica,Modelo 13 Pro,OLED diagnóstica para reparación de iPhone 13 Pro. Cotiza cantidad y confirma compatibilidad por WhatsApp.,980,915,/assets/products/oled-diagnostica/13-13-pro.png,/assets/products/oled-diagnostica/video-01.mp4,yes,yes,980,915,980,915,yes,yes,OK,OK,OK,Activo,boss_confirmed_2026-06-20_oled_diagnostica_tier_prices|app/products.json|website:data/products.generated.js|HAODE_Lista_de_Precios_2026-09-24.xlsx · 2026-09-24,2026-09-24
haode-pantalla-oled-diagnostica-modelo-13-pro-max,HAODE Pantalla OLED Diagnóstica - Modelo 13 Pro Max,Pantallas OLED Diagnóstica,Modelo 13 Pro Max,OLED diagnóstica para reparación de iPhone 13 Pro Max. Cotiza cantidad y confirma compatibilidad por WhatsApp.,965,900,/assets/products/oled-diagnostica/13-pro-max.png,/assets/products/oled-diagnostica/video-01.mp4,yes,yes,965,900,965,900,yes,yes,OK,OK,OK,Activo,boss_confirmed_2026-06-20_oled_diagnostica_tier_prices|app/products.json|website:data/products.generated.js|HAODE_Lista_de_Precios_2026-09-24.xlsx · 2026-09-24,2026-09-24
haode-pantalla-oled-diagnostica-modelo-14,HAODE Pantalla OLED Diagnóstica - Modelo 14,Pantallas OLED Diagnóstica,Modelo 14,OLED diagnóstica para reparación de iPhone 14. Cotiza cantidad y confirma compatibilidad por WhatsApp.,890,830,/assets/products/oled-diagnostica/14-14-pro.png,/assets/products/oled-diagnostica/video-01.mp4,yes,yes,890,830,890,830,yes,yes,OK,OK,OK,Activo,boss_confirmed_2026-06-20_oled_diagnostica_tier_prices|app/products.json|website:data/products.generated.js|HAODE_Lista_de_Precios_2026-09-24.xlsx · 2026-09-24,2026-09-24
haode-pantalla-oled-diagnostica-modelo-14-plus,HAODE Pantalla OLED Diagnóstica - Modelo 14 Plus,Pantallas OLED Diagnóstica,Modelo 14 Plus,OLED diagnóstica para reparación de iPhone 14 Plus. Cotiza cantidad y confirma compatibilidad por WhatsApp.,945,880,/assets/products/oled-diagnostica/14-plus.png,/assets/products/oled-diagnostica/video-01.mp4,yes,yes,945,880,945,880,yes,yes,OK,OK,OK,Activo,boss_confirmed_2026-06-20_oled_diagnostica_tier_prices|app/products.json|website:data/products.generated.js|HAODE_Lista_de_Precios_2026-09-24.xlsx · 2026-09-24,2026-09-24
haode-pantalla-oled-diagnostica-modelo-14-pro,HAODE Pantalla OLED Diagnóstica - Modelo 14 Pro,Pantallas OLED Diagnóstica,Modelo 14 Pro,OLED diagnóstica para reparación de iPhone 14 Pro. Cotiza cantidad y confirma compatibilidad por WhatsApp.,1390,1300,/assets/products/oled-diagnostica/14-14-pro.png,/assets/products/oled-diagnostica/video-01.mp4,yes,yes,1390,1300,1390,1300,yes,yes,OK,OK,OK,Activo,boss_confirmed_2026-06-20_oled_diagnostica_tier_prices|app/products.json|website:data/products.generated.js|HAODE_Lista_de_Precios_2026-09-24.xlsx · 2026-09-24,2026-09-24
haode-pantalla-oled-diagnostica-modelo-14-pro-max,HAODE Pantalla OLED Diagnóstica - Modelo 14 Pro Max,Pantallas OLED Diagnóstica,Modelo 14 Pro Max,OLED diagnóstica para reparación de iPhone 14 Pro Max. Cotiza cantidad y confirma compatibilidad por WhatsApp.,965,900,/assets/products/oled-diagnostica/14-pro-max.png,/assets/products/oled-diagnostica/video-01.mp4,yes,yes,965,900,965,900,yes,yes,OK,OK,OK,Activo,boss_confirmed_2026-06-20_oled_diagnostica_tier_prices|app/products.json|website:data/products.generated.js|HAODE_Lista_de_Precios_2026-09-24.xlsx · 2026-09-24,2026-09-24
haode-pantalla-oled-diagnostica-modelo-15,HAODE Pantalla OLED Diagnóstica - Modelo 15,Pantallas OLED Diagnóstica,Modelo 15,OLED diagnóstica para reparación de iPhone 15. Cotiza cantidad y confirma compatibilidad por WhatsApp.,1335,1245,/assets/products/oled-diagnostica/15.png,/assets/products/oled-diagnostica/video-01.mp4,yes,yes,1335,1245,1335,1245,yes,yes,OK,OK,OK,Activo,boss_confirmed_2026-06-20_oled_diagnostica_tier_prices|app/products.json|website:data/products.generated.js|HAODE_Lista_de_Precios_2026-09-24.xlsx · 2026-09-24,2026-09-24
haode-pantalla-oled-diagnostica-modelo-15-plus,HAODE Pantalla OLED Diagnóstica - Modelo 15 Plus,Pantallas OLED Diagnóstica,Modelo 15 Plus,OLED diagnóstica para reparación de iPhone 15 Plus. Cotiza cantidad y confirma compatibilidad por WhatsApp.,1390,1300,/assets/products/oled-diagnostica/15-plus.png,/assets/products/oled-diagnostica/video-01.mp4,yes,yes,1390,1300,1390,1300,yes,yes,OK,OK,OK,Activo,boss_confirmed_2026-06-20_oled_diagnostica_tier_prices|app/products.json|website:data/products.generated.js|HAODE_Lista_de_Precios_2026-09-24.xlsx · 2026-09-24,2026-09-24
haode-pantalla-oled-diagnostica-modelo-15-pro,HAODE Pantalla OLED Diagnóstica - Modelo 15 Pro,Pantallas OLED Diagnóstica,Modelo 15 Pro,OLED diagnóstica para reparación de iPhone 15 Pro. Cotiza cantidad y confirma compatibilidad por WhatsApp.,1390,1300,/assets/products/oled-diagnostica/15-pro.png,/assets/products/oled-diagnostica/video-01.mp4,yes,yes,1390,1300,1390,1300,yes,yes,OK,OK,OK,Activo,boss_confirmed_2026-06-20_oled_diagnostica_tier_prices|app/products.json|website:data/products.generated.js|HAODE_Lista_de_Precios_2026-09-24.xlsx · 2026-09-24,2026-09-24
haode-pantalla-oled-diagnostica-modelo-15-pro-max,HAODE Pantalla OLED Diagnóstica - Modelo 15 Pro Max,Pantallas OLED Diagnóstica,Modelo 15 Pro Max,OLED diagnóstica para reparación de iPhone 15 Pro Max. Cotiza cantidad y confirma compatibilidad por WhatsApp.,1410,1315,/assets/products/oled-diagnostica/15-pro-max.png,/assets/products/oled-diagnostica/video-01.mp4,yes,yes,1410,1315,1410,1315,yes,yes,OK,OK,OK,Activo,boss_confirmed_2026-06-20_oled_diagnostica_tier_prices|app/products.json|website:data/products.generated.js|HAODE_Lista_de_Precios_2026-09-24.xlsx · 2026-09-24,2026-09-24
haode-pantalla-oled-diagnostica-modelo-16,HAODE Pantalla OLED Diagnóstica - Modelo 16,Pantallas OLED Diagnóstica,Modelo 16,OLED diagnóstica para reparación de iPhone 16. Cotiza cantidad y confirma compatibilidad por WhatsApp.,1390,1300,/assets/products/oled-diagnostica/16.png,/assets/products/oled-diagnostica/video-01.mp4,yes,yes,1390,1300,1390,1300,yes,yes,OK,OK,OK,Activo,boss_confirmed_2026-06-20_oled_diagnostica_tier_prices|app/products.json|website:data/products.generated.js|HAODE_Lista_de_Precios_2026-09-24.xlsx · 2026-09-24,2026-09-24
haode-pantalla-oled-diagnostica-modelo-16-plus,HAODE Pantalla OLED Diagnóstica - Modelo 16 Plus,Pantallas OLED Diagnóstica,Modelo 16 Plus,OLED diagnóstica para reparación de iPhone 16 Plus. Cotiza cantidad y confirma compatibilidad por WhatsApp.,1615,1505,/assets/products/oled-diagnostica/16-plus.png,/assets/products/oled-diagnostica/video-01.mp4,yes,yes,1615,1505,1615,1505,yes,yes,OK,OK,OK,Activo,boss_confirmed_2026-06-20_oled_diagnostica_tier_prices|app/products.json|website:data/products.generated.js|HAODE_Lista_de_Precios_2026-09-24.xlsx · 2026-09-24,2026-09-24
haode-pantalla-oled-diagnostica-modelo-16-pro,HAODE Pantalla OLED Diagnóstica - Modelo 16 Pro,Pantallas OLED Diagnóstica,Modelo 16 Pro,OLED diagnóstica para reparación de iPhone 16 Pro. Cotiza cantidad y confirma compatibilidad por WhatsApp.,1615,1505,/assets/products/oled-diagnostica/16-pro.png,/assets/products/oled-diagnostica/video-01.mp4,yes,yes,1615,1505,1615,1505,yes,yes,OK,OK,OK,Activo,boss_confirmed_2026-06-20_oled_diagnostica_tier_prices|app/products.json|website:data/products.generated.js|HAODE_Lista_de_Precios_2026-09-24.xlsx · 2026-09-24,2026-09-24
haode-pantalla-oled-diagnostica-modelo-16-pro-max,HAODE Pantalla OLED Diagnóstica - Modelo 16 Pro Max,Pantallas OLED Diagnóstica,Modelo 16 Pro Max,OLED diagnóstica para reparación de iPhone 16 Pro Max. Cotiza cantidad y confirma compatibilidad por WhatsApp.,1650,1540,/assets/products/oled-diagnostica/16-pro-max.png,/assets/products/oled-diagnostica/video-01.mp4,yes,yes,1650,1540,1650,1540,yes,yes,OK,OK,OK,Activo,boss_confirmed_2026-06-20_oled_diagnostica_tier_prices|app/products.json|website:data/products.generated.js|HAODE_Lista_de_Precios_2026-09-24.xlsx · 2026-09-24,2026-09-24
haode-pantalla-oled-diagnostica-modelo-17,HAODE Pantalla OLED Diagnóstica - Modelo 17,Pantallas OLED Diagnóstica,Modelo 17,OLED diagnóstica para reparación de iPhone 17. Cotiza cantidad y confirma compatibilidad por WhatsApp.,1865,1740,/assets/products/oled-diagnostica/17.png,/assets/products/oled-diagnostica/video-01.mp4,yes,yes,1865,1740,1865,1740,yes,yes,OK,OK,OK,Activo,boss_confirmed_2026-06-20_oled_diagnostica_tier_prices|app/products.json|website:data/products.generated.js|HAODE_Lista_de_Precios_2026-09-24.xlsx · 2026-09-24,2026-09-24
haode-pantalla-oled-diagnostica-modelo-17-pro,HAODE Pantalla OLED Diagnóstica - Modelo 17 Pro,Pantallas OLED Diagnóstica,Modelo 17 Pro,OLED diagnóstica para reparación de iPhone 17 Pro. Cotiza cantidad y confirma compatibilidad por WhatsApp.,1905,1775,/assets/products/oled-diagnostica/17-pro.png,/assets/products/oled-diagnostica/video-01.mp4,yes,yes,1905,1775,1905,1775,yes,yes,OK,OK,OK,Activo,boss_confirmed_2026-06-20_oled_diagnostica_tier_prices|app/products.json|website:data/products.generated.js|HAODE_Lista_de_Precios_2026-09-24.xlsx · 2026-09-24,2026-09-24
haode-pantalla-oled-diagnostica-modelo-17-pro-max,HAODE Pantalla OLED Diagnóstica - Modelo 17 Pro Max,Pantallas OLED Diagnóstica,Modelo 17 Pro Max,OLED diagnóstica para reparación de iPhone 17 Pro Max. Cotiza cantidad y confirma compatibilidad por WhatsApp.,1905,1775,/assets/products/oled-diagnostica/17-pro-max.png,/assets/products/oled-diagnostica/video-01.mp4,yes,yes,1905,1775,1905,1775,yes,yes,OK,OK,OK,Activo,boss_confirmed_2026-06-20_oled_diagnostica_tier_prices|app/products.json|website:data/products.generated.js|HAODE_Lista_de_Precios_2026-09-24.xlsx · 2026-09-24,2026-09-24
haode-pantalla-oled-diagnostica-modelo-xs-max,HAODE Pantalla OLED Diagnóstica - Modelo XS Max,Pantallas OLED Diagnóstica,Modelo XS Max,OLED diagnóstica para reparación de iPhone XS Max. Cotiza cantidad y confirma compatibilidad por WhatsApp.,650,605,/assets/products/oled-diagnostica/xs-max.png,/assets/products/oled-diagnostica/video-01.mp4,yes,yes,650,605,650,605,yes,yes,OK,OK,OK,Activo,boss_confirmed_2026-06-20_oled_diagnostica_tier_prices|app/products.json|website:data/products.generated.js|HAODE_Lista_de_Precios_2026-09-24.xlsx · 2026-09-24,2026-09-24
oled-diagnostica-12mini-hard,Pantalla OLED Diagnóstica para iPhone 12MINI,Pantallas OLED Diagnóstica,iPhone 12MINI DIAGNOTICO HARD OLED,OLED diagnóstica para reparación de iPhone 12MINI. Cotiza cantidad y confirma compatibilidad por WhatsApp.,1065,995,/assets/products/placeholder.svg,,yes,yes,1065,995,1065,995,placeholder_authorized,no,OK,OK,imagen_pendiente,Activo,HAODE_Lista_de_Precios_2026-09-24.xlsx · 2026-09-24,2026-09-24
oled-diagnostica-16e-soft,Pantalla OLED Diagnóstica para iPhone 16E,Pantallas OLED Diagnóstica,iPhone 16E DIAGNOTICO  SOFT OLED,OLED diagnóstica para reparación de iPhone 16E. Cotiza cantidad y confirma compatibilidad por WhatsApp.,965,900,/assets/products/placeholder.svg,,yes,yes,965,900,965,900,placeholder_authorized,no,OK,OK,imagen_pendiente,Activo,HAODE_Lista_de_Precios_2026-09-24.xlsx · 2026-09-24,2026-09-24
samsung-incell-note-10,Pantalla para Samsung Note 10,Pantallas Samsung INCELL,Samsung Note 10 INCELL CON MARCO,Pantalla INCELL con marco para reparación de Samsung Note 10. Cotiza cantidad y confirma compatibilidad antes del pedido por WhatsApp.,475,445,/assets/products/samsung-incell/note-10/main.jpg,/assets/products/samsung-incell/note-10/video-01.mp4,yes,yes,475,445,475,445,yes,yes,OK,OK,OK,Activo,app/products.json|website:data/products.generated.js|HAODE_Lista_de_Precios_2026-09-24.xlsx · 2026-09-24,2026-09-24
samsung-incell-note-10-lite,Pantalla para Samsung Note 10 Lite,Pantallas Samsung INCELL,Samsung Note 10 Lite INCELL CON MARCO,Pantalla INCELL FHD C/M para reparación de Samsung NOTE10 LITE. Cotiza cantidad y confirma compatibilidad por WhatsApp.,695,650,/assets/products/samsung-incell/main.jpg,,yes,yes,695,650,695,650,yes,no,OK,OK,video_faltante,Activo,app/products.json|HAODE_Lista_de_Precios_2026-09-24.xlsx · 2026-09-24,2026-09-24
samsung-incell-note-10-plus,Pantalla para Samsung Note 10 Plus,Pantallas Samsung INCELL,Samsung Note 10 Plus INCELL CON MARCO,Pantalla INCELL con marco para reparación de Samsung Note 10 Plus. Cotiza cantidad y confirma compatibilidad antes del pedido por WhatsApp.,505,475,/assets/products/samsung-incell/note-10-plus/main.jpg,/assets/products/samsung-incell/note-10-plus/video-01.mp4,yes,yes,505,475,505,475,yes,yes,OK,OK,OK,Activo,app/products.json|website:data/products.generated.js|HAODE_Lista_de_Precios_2026-09-24.xlsx · 2026-09-24,2026-09-24
samsung-incell-note-20,Pantalla para Samsung Note 20,Pantallas Samsung INCELL,Samsung Note 20 INCELL CON MARCO,Pantalla INCELL FHD C/M para reparación de Samsung NOTE 20. Cotiza cantidad y confirma compatibilidad por WhatsApp.,575,540,/assets/products/samsung-incell/main.jpg,,yes,yes,575,540,575,540,yes,no,OK,OK,video_faltante,Activo,app/products.json|HAODE_Lista_de_Precios_2026-09-24.xlsx · 2026-09-24,2026-09-24
samsung-incell-note-20-ultra,Pantalla para Samsung Note 20 Ultra,Pantallas Samsung INCELL,Samsung Note 20 Ultra INCELL CON MARCO,Pantalla INCELL con marco para reparación de Samsung Note 20 Ultra. Cotiza cantidad y confirma compatibilidad antes del pedido por WhatsApp.,470,440,/assets/products/samsung-incell/note-20-ultra/main.jpg,/assets/products/samsung-incell/note-20-ultra/video-01.mp4,yes,yes,470,440,470,440,yes,yes,OK,OK,OK,Activo,app/products.json|website:data/products.generated.js|HAODE_Lista_de_Precios_2026-09-24.xlsx · 2026-09-24,2026-09-24
samsung-incell-note-8,Pantalla para Samsung Note 8,Pantallas Samsung INCELL,Samsung Note 8 INCELL CON MARCO,Pantalla INCELL con marco para reparación de Samsung Note 8. Cotiza cantidad y confirma compatibilidad antes del pedido por WhatsApp.,455,425,/assets/products/samsung-incell/note-8/main.jpg,/assets/products/samsung-incell/note-8/video-01.mp4,yes,yes,455,425,455,425,yes,yes,OK,OK,OK,Activo,app/products.json|website:data/products.generated.js|HAODE_Lista_de_Precios_2026-09-24.xlsx · 2026-09-24,2026-09-24
samsung-incell-note-9,Pantalla para Samsung Note 9,Pantallas Samsung INCELL,Samsung Note 9 INCELL CON MARCO,Pantalla INCELL con marco para reparación de Samsung Note 9. Cotiza cantidad y confirma compatibilidad antes del pedido por WhatsApp.,455,425,/assets/products/samsung-incell/note-9/main.jpg,/assets/products/samsung-incell/note-9/video-01.mp4,yes,yes,455,425,455,425,yes,yes,OK,OK,OK,Activo,app/products.json|website:data/products.generated.js|HAODE_Lista_de_Precios_2026-09-24.xlsx · 2026-09-24,2026-09-24
samsung-incell-s10,Pantalla para Samsung S10,Pantallas Samsung INCELL,Samsung S10 INCELL CON MARCO,Pantalla INCELL con marco para reparación de Samsung S10. Cotiza cantidad y confirma compatibilidad antes del pedido por WhatsApp.,375,355,/assets/products/samsung-incell/s10/main.jpg,/assets/products/samsung-incell/s10/video-01.mp4,yes,yes,375,355,375,355,yes,yes,OK,OK,OK,Activo,app/products.json|website:data/products.generated.js|HAODE_Lista_de_Precios_2026-09-24.xlsx · 2026-09-24,2026-09-24
samsung-incell-s10-lite,Pantalla para Samsung S10 Lite,Pantallas Samsung INCELL,Samsung S10 Lite INCELL CON MARCO,Pantalla INCELL FHD C/M para reparación de Samsung S10 LITE. Cotiza cantidad y confirma compatibilidad por WhatsApp.,290,270,/assets/products/samsung-incell/main.jpg,,yes,yes,290,270,290,270,yes,no,OK,OK,video_faltante,Activo,app/products.json|HAODE_Lista_de_Precios_2026-09-24.xlsx · 2026-09-24,2026-09-24
samsung-incell-s10-plus,Pantalla para Samsung S10 Plus,Pantallas Samsung INCELL,Samsung S10 Plus INCELL CON MARCO,Pantalla INCELL con marco para reparación de Samsung S10 Plus. Cotiza cantidad y confirma compatibilidad antes del pedido por WhatsApp.,385,360,/assets/products/samsung-incell/s10-plus/main.jpg,/assets/products/samsung-incell/s10-plus/video-01.mp4,yes,yes,385,360,385,360,yes,yes,OK,OK,OK,Activo,app/products.json|website:data/products.generated.js|HAODE_Lista_de_Precios_2026-09-24.xlsx · 2026-09-24,2026-09-24
samsung-incell-s10e,Pantalla para Samsung S10E,Pantallas Samsung INCELL,Samsung S10E INCELL CON MARCO,Pantalla INCELL con marco para reparación de Samsung S10E. Cotiza cantidad y confirma compatibilidad antes del pedido por WhatsApp.,555,520,/assets/products/samsung-incell/s10e/main.jpg,/assets/products/samsung-incell/s10e/video-01.mp4,yes,yes,555,520,555,520,yes,yes,OK,OK,OK,Activo,website:data/products.generated.js|app/products.json|HAODE_Lista_de_Precios_2026-09-24.xlsx · 2026-09-24,2026-09-24
samsung-incell-s20-4g,Pantalla para Samsung S20 4G,Pantallas Samsung INCELL,S20 4G INCELL FHD C/M,Pantalla INCELL FHD C/M para reparación de Samsung S20 4G. Cotiza cantidad y confirma compatibilidad por WhatsApp.,410,385,/assets/products/placeholder.svg,,yes,yes,410,385,410,385,placeholder_authorized,no,OK,OK,imagen_pendiente,Activo,HAODE_Lista_de_Precios_2026-09-24.xlsx · 2026-09-24,2026-09-24
samsung-incell-s20-5g,Pantalla para Samsung S20 5G,Pantallas Samsung INCELL,S20 5G INCELL FHD C/M,Pantalla INCELL FHD C/M para reparación de Samsung S20 5G. Cotiza cantidad y confirma compatibilidad por WhatsApp.,410,385,/assets/products/placeholder.svg,,yes,yes,410,385,410,385,placeholder_authorized,no,OK,OK,imagen_pendiente,Activo,HAODE_Lista_de_Precios_2026-09-24.xlsx · 2026-09-24,2026-09-24
samsung-incell-s20-fe,Pantalla para Samsung S20 FE,Pantallas Samsung INCELL,Samsung S20 FE INCELL CON MARCO,Pantalla INCELL con marco para reparación de Samsung S20 FE. Cotiza cantidad y confirma compatibilidad antes del pedido por WhatsApp.,295,280,/assets/products/samsung-incell/s20-fe/main.jpg,/assets/products/samsung-incell/s20-fe/video-01.mp4,yes,yes,295,280,295,280,yes,yes,OK,OK,OK,Activo,app/products.json|website:data/products.generated.js|HAODE_Lista_de_Precios_2026-09-24.xlsx · 2026-09-24,2026-09-24
samsung-incell-s20-plus,Pantalla para Samsung S20 Plus,Pantallas Samsung INCELL,Samsung S20 Plus INCELL CON MARCO,Pantalla INCELL con marco para reparación de Samsung S20 Plus. Cotiza cantidad y confirma compatibilidad antes del pedido por WhatsApp.,420,390,/assets/products/samsung-incell/s20-plus/main.jpg,/assets/products/samsung-incell/s20-plus/video-01.mp4,yes,yes,420,390,420,390,yes,yes,OK,OK,OK,Activo,app/products.json|website:data/products.generated.js|HAODE_Lista_de_Precios_2026-09-24.xlsx · 2026-09-24,2026-09-24
samsung-incell-s20-ultra,Pantalla para Samsung S20 Ultra,Pantallas Samsung INCELL,Samsung S20 Ultra INCELL CON MARCO,Pantalla INCELL con marco para reparación de Samsung S20 Ultra. Cotiza cantidad y confirma compatibilidad antes del pedido por WhatsApp.,440,415,/assets/products/samsung-incell/s20-ultra/main.jpg,/assets/products/samsung-incell/s20-ultra/video-01.mp4,yes,yes,440,415,440,415,yes,yes,OK,OK,OK,Activo,app/products.json|website:data/products.generated.js|HAODE_Lista_de_Precios_2026-09-24.xlsx · 2026-09-24,2026-09-24
samsung-incell-s21,Pantalla para Samsung S21,Pantallas Samsung INCELL,Samsung S21 INCELL CON MARCO,Pantalla INCELL con marco para reparación de Samsung S21. Cotiza cantidad y confirma compatibilidad antes del pedido por WhatsApp.,410,385,/assets/products/samsung-incell/s21/main.jpg,/assets/products/samsung-incell/s21/video-01.mp4,yes,yes,410,385,410,385,yes,yes,OK,OK,OK,Activo,app/products.json|website:data/products.generated.js|HAODE_Lista_de_Precios_2026-09-24.xlsx · 2026-09-24,2026-09-24
samsung-incell-s21-fe,Pantalla para Samsung S21 FE,Pantallas Samsung INCELL,Samsung S21 FE INCELL CON MARCO,Pantalla INCELL con marco para reparación de Samsung S21 FE. Cotiza cantidad y confirma compatibilidad antes del pedido por WhatsApp.,455,430,/assets/products/samsung-incell/s21-fe/main.jpg,,yes,yes,455,430,455,430,yes,no,OK,OK,video_faltante,Activo,website:data/products.generated.js|app/products.json|HAODE_Lista_de_Precios_2026-09-24.xlsx · 2026-09-24,2026-09-24
samsung-incell-s21-plus,Pantalla para Samsung S21 Plus,Pantallas Samsung INCELL,Samsung S21 Plus INCELL CON MARCO,Pantalla INCELL con marco para reparación de Samsung S21 Plus. Cotiza cantidad y confirma compatibilidad antes del pedido por WhatsApp.,400,375,/assets/products/samsung-incell/s21-plus/main.jpg,/assets/products/samsung-incell/s21-plus/video-01.mp4,yes,yes,400,375,400,375,yes,yes,OK,OK,OK,Activo,website:data/products.generated.js|app/products.json|HAODE_Lista_de_Precios_2026-09-24.xlsx · 2026-09-24,2026-09-24
samsung-incell-s21-ultra,Pantalla para Samsung S21 Ultra,Pantallas Samsung INCELL,Samsung S21 Ultra INCELL CON MARCO,Pantalla INCELL con marco para reparación de Samsung S21 Ultra. Cotiza cantidad y confirma compatibilidad antes del pedido por WhatsApp.,440,415,/assets/products/samsung-incell/s21-ultra/main.jpg,,yes,yes,440,415,440,415,yes,no,OK,OK,video_faltante,Activo,app/products.json|website:data/products.generated.js|HAODE_Lista_de_Precios_2026-09-24.xlsx · 2026-09-24,2026-09-24
samsung-incell-s22,Pantalla para Samsung S22,Pantallas Samsung INCELL,Samsung S22 INCELL CON MARCO,Pantalla INCELL con marco para reparación de Samsung S22. Cotiza cantidad y confirma compatibilidad antes del pedido por WhatsApp.,505,475,/assets/products/samsung-incell/s22/main.jpg,/assets/products/samsung-incell/s22/video-01.mp4,yes,yes,505,475,505,475,yes,yes,OK,OK,OK,Activo,website:data/products.generated.js|app/products.json|HAODE_Lista_de_Precios_2026-09-24.xlsx · 2026-09-24,2026-09-24
samsung-incell-s22-plus,Pantalla para Samsung S22 Plus,Pantallas Samsung INCELL,Samsung S22 Plus INCELL CON MARCO,Pantalla INCELL con marco para reparación de Samsung S22 Plus. Cotiza cantidad y confirma compatibilidad antes del pedido por WhatsApp.,505,475,/assets/products/samsung-incell/s22-plus/main.jpg,/assets/products/samsung-incell/s22-plus/video-01.mp4,yes,yes,505,475,505,475,yes,yes,OK,OK,OK,Activo,website:data/products.generated.js|app/products.json|HAODE_Lista_de_Precios_2026-09-24.xlsx · 2026-09-24,2026-09-24
samsung-incell-s22-ultra,Pantalla para Samsung S22 Ultra,Pantallas Samsung INCELL,Samsung S22 Ultra INCELL CON MARCO,Pantalla INCELL con marco para reparación de Samsung S22 Ultra. Cotiza cantidad y confirma compatibilidad antes del pedido por WhatsApp.,515,485,/assets/products/samsung-incell/s22-ultra/main.jpg,/assets/products/samsung-incell/s22-ultra/video-01.mp4,yes,yes,515,485,515,485,yes,yes,OK,OK,OK,Activo,app/products.json|website:data/products.generated.js|HAODE_Lista_de_Precios_2026-09-24.xlsx · 2026-09-24,2026-09-24
samsung-incell-s23,Pantalla para Samsung S23,Pantallas Samsung INCELL,Samsung S23 INCELL CON MARCO,Pantalla INCELL con marco para reparación de Samsung S23. Cotiza cantidad y confirma compatibilidad antes del pedido por WhatsApp.,505,475,/assets/products/samsung-incell/s23/main.jpg,/assets/products/samsung-incell/s23/video-01.mp4,yes,yes,505,475,505,475,yes,yes,OK,OK,OK,Activo,website:data/products.generated.js|app/products.json|HAODE_Lista_de_Precios_2026-09-24.xlsx · 2026-09-24,2026-09-24
samsung-incell-s23-plus,Pantalla para Samsung S23 Plus,Pantallas Samsung INCELL,Samsung S23 Plus INCELL CON MARCO,Pantalla INCELL con marco para reparación de Samsung S23 Plus. Cotiza cantidad y confirma compatibilidad antes del pedido por WhatsApp.,505,475,/assets/products/samsung-incell/s23-plus/main.jpg,,yes,yes,505,475,505,475,yes,no,OK,OK,video_faltante,Activo,website:data/products.generated.js|app/products.json|HAODE_Lista_de_Precios_2026-09-24.xlsx · 2026-09-24,2026-09-24
samsung-incell-s23-ultra,Pantalla para Samsung S23 Ultra,Pantallas Samsung INCELL,Samsung S23 Ultra INCELL CON MARCO,Pantalla INCELL con marco para reparación de Samsung S23 Ultra. Cotiza cantidad y confirma compatibilidad antes del pedido por WhatsApp.,440,415,/assets/products/samsung-incell/s23-ultra/main.jpg,/assets/products/samsung-incell/s23-ultra/video-01.mp4,yes,yes,440,415,440,415,yes,yes,OK,OK,OK,Activo,app/products.json|website:data/products.generated.js|HAODE_Lista_de_Precios_2026-09-24.xlsx · 2026-09-24,2026-09-24
samsung-incell-s24,Pantalla para Samsung S24,Pantallas Samsung INCELL,Samsung S24 INCELL CON MARCO,Pantalla INCELL con marco para reparación de Samsung S24. Cotiza cantidad y confirma compatibilidad antes del pedido por WhatsApp.,680,635,/assets/products/samsung-incell/s24/main.png,/assets/products/samsung-incell/s24/video-01.mp4,yes,yes,680,635,680,635,yes,yes,OK,OK,OK,Activo,website:data/products.generated.js|app/products.json|HAODE_Lista_de_Precios_2026-09-24.xlsx · 2026-09-24,2026-09-24
samsung-incell-s24-plus,Pantalla para Samsung S24 Plus,Pantallas Samsung INCELL,Samsung S24 Plus INCELL CON MARCO,Pantalla INCELL con marco para reparación de Samsung S24 Plus. Cotiza cantidad y confirma compatibilidad antes del pedido por WhatsApp.,655,615,/assets/products/samsung-incell/s24-plus/main.jpg,,yes,yes,655,615,655,615,yes,no,OK,OK,video_faltante,Activo,website:data/products.generated.js|app/products.json|HAODE_Lista_de_Precios_2026-09-24.xlsx · 2026-09-24,2026-09-24
samsung-incell-s24-ultra,Pantalla para Samsung S24 Ultra,Pantallas Samsung INCELL,Samsung S24 Ultra INCELL CON MARCO,Pantalla INCELL con marco para reparación de Samsung S24 Ultra. Cotiza cantidad y confirma compatibilidad antes del pedido por WhatsApp.,625,585,/assets/products/samsung-incell/s24-ultra/main.jpg,,yes,yes,625,585,625,585,yes,no,OK,OK,video_faltante,Activo,app/products.json|website:data/products.generated.js|HAODE_Lista_de_Precios_2026-09-24.xlsx · 2026-09-24,2026-09-24
samsung-incell-s8,Pantalla para Samsung S8,Pantallas Samsung INCELL,Samsung S8 INCELL CON MARCO,Pantalla INCELL con marco para reparación de Samsung S8. Cotiza cantidad y confirma compatibilidad antes del pedido por WhatsApp.,365,345,/assets/products/samsung-incell/s8/main.jpg,/assets/products/samsung-incell/s8/video-01.mp4,yes,yes,365,345,365,345,yes,yes,OK,OK,OK,Activo,app/products.json|website:data/products.generated.js|HAODE_Lista_de_Precios_2026-09-24.xlsx · 2026-09-24,2026-09-24
samsung-incell-s8-plus,Pantalla para Samsung S8 Plus,Pantallas Samsung INCELL,Samsung S8 Plus INCELL CON MARCO,Pantalla INCELL con marco para reparación de Samsung S8 Plus. Cotiza cantidad y confirma compatibilidad antes del pedido por WhatsApp.,375,355,/assets/products/samsung-incell/s8-plus/main.jpg,/assets/products/samsung-incell/s8-plus/video-01.mp4,yes,yes,375,355,375,355,yes,yes,OK,OK,OK,Activo,app/products.json|website:data/products.generated.js|HAODE_Lista_de_Precios_2026-09-24.xlsx · 2026-09-24,2026-09-24
samsung-incell-s9,Pantalla para Samsung S9,Pantallas Samsung INCELL,Samsung S9 INCELL CON MARCO,Pantalla INCELL con marco para reparación de Samsung S9. Cotiza cantidad y confirma compatibilidad antes del pedido por WhatsApp.,340,320,/assets/products/samsung-incell/s9/main.jpg,/assets/products/samsung-incell/s9/video-01.mp4,yes,yes,340,320,340,320,yes,yes,OK,OK,OK,Activo,app/products.json|website:data/products.generated.js|HAODE_Lista_de_Precios_2026-09-24.xlsx · 2026-09-24,2026-09-24
samsung-incell-s9-plus,Pantalla para Samsung S9 Plus,Pantallas Samsung INCELL,Samsung S9 Plus INCELL CON MARCO,Pantalla INCELL con marco para reparación de Samsung S9 Plus. Cotiza cantidad y confirma compatibilidad antes del pedido por WhatsApp.,350,325,/assets/products/samsung-incell/s9-plus/main.jpg,/assets/products/samsung-incell/s9-plus/video-01.mp4,yes,yes,350,325,350,325,yes,yes,OK,OK,OK,Activo,app/products.json|website:data/products.generated.js|HAODE_Lista_de_Precios_2026-09-24.xlsx · 2026-09-24,2026-09-24
samsung-incell-z-flip3,Pantalla para Samsung Z FLIP3,Pantallas Samsung INCELL,Z FLIP3 INCELL S/M,Pantalla INCELL S/M para reparación de Samsung Z FLIP3. Cotiza cantidad y confirma compatibilidad por WhatsApp.,690,645,/assets/products/placeholder.svg,,yes,yes,690,645,690,645,placeholder_authorized,no,OK,OK,imagen_pendiente,Activo,HAODE_Lista_de_Precios_2026-09-24.xlsx · 2026-09-24,2026-09-24
samsung-incell-z-flip4,Pantalla para Samsung Z FLIP4,Pantallas Samsung INCELL,Z FLIP4 INCELL S/M,Pantalla INCELL S/M para reparación de Samsung Z FLIP4. Cotiza cantidad y confirma compatibilidad por WhatsApp.,690,645,/assets/products/placeholder.svg,,yes,yes,690,645,690,645,placeholder_authorized,no,OK,OK,imagen_pendiente,Activo,HAODE_Lista_de_Precios_2026-09-24.xlsx · 2026-09-24,2026-09-24
samsung-incell-z-flip5,Pantalla para Samsung Z FLIP5,Pantallas Samsung INCELL,Z FLIP5 INCELL S/M,Pantalla INCELL S/M para reparación de Samsung Z FLIP5. Cotiza cantidad y confirma compatibilidad por WhatsApp.,830,775,/assets/products/placeholder.svg,,yes,yes,830,775,830,775,placeholder_authorized,no,OK,OK,imagen_pendiente,Activo,HAODE_Lista_de_Precios_2026-09-24.xlsx · 2026-09-24,2026-09-24
samsung-incell-z-flip6,Pantalla para Samsung Z FLIP6,Pantallas Samsung INCELL,Z FLIP6 INCELL S/M,Pantalla INCELL S/M para reparación de Samsung Z FLIP6. Cotiza cantidad y confirma compatibilidad por WhatsApp.,830,775,/assets/products/placeholder.svg,,yes,yes,830,775,830,775,placeholder_authorized,no,OK,OK,imagen_pendiente,Activo,HAODE_Lista_de_Precios_2026-09-24.xlsx · 2026-09-24,2026-09-24
samsung-oled-note-10,Pantalla para Samsung Note 10,Pantallas Samsung OLED,Samsung Note 10 OLED CON MARCO,Pantalla OLED con marco para reparación de Samsung Note 10. Cotiza cantidad y confirma compatibilidad antes del pedido por WhatsApp.,1380,1290,/assets/products/samsung-oled/note-10/main.jpg,,yes,yes,1380,1290,1380,1290,yes,no,OK,OK,video_faltante,Activo,app/products.json|website:data/products.generated.js|HAODE_Lista_de_Precios_2026-09-24.xlsx · 2026-09-24,2026-09-24
samsung-oled-note-20,Pantalla para Samsung Note 20,Pantallas Samsung OLED,Samsung Note 20 OLED CON MARCO,Pantalla OLED con marco para reparación de Samsung Note 20. Cotiza cantidad y confirma compatibilidad antes del pedido por WhatsApp.,1100,1025,/assets/products/samsung-oled/note-20/main.jpg,,yes,yes,1100,1025,1100,1025,yes,no,OK,OK,video_faltante,Activo,app/products.json|website:data/products.generated.js|HAODE_Lista_de_Precios_2026-09-24.xlsx · 2026-09-24,2026-09-24
samsung-oled-note-20-ultra,Pantalla para Samsung Note 20 Ultra,Pantallas Samsung OLED,Samsung Note 20 Ultra OLED CON MARCO,Pantalla OLED con marco para reparación de Samsung Note 20 Ultra. Cotiza cantidad y confirma compatibilidad antes del pedido por WhatsApp.,1420,1325,/assets/products/samsung-oled/note-20-ultra/main.jpg,,yes,yes,1420,1325,1420,1325,yes,no,OK,OK,video_faltante,Activo,app/products.json|website:data/products.generated.js|HAODE_Lista_de_Precios_2026-09-24.xlsx · 2026-09-24,2026-09-24
samsung-oled-s20-plus,Pantalla para Samsung S20 Plus,Pantallas Samsung OLED,Samsung S20 Plus OLED CON MARCO,Pantalla OLED con marco para reparación de Samsung S20 Plus. Cotiza cantidad y confirma compatibilidad antes del pedido por WhatsApp.,1100,1025,/assets/products/samsung-oled/s20-plus/main.jpg,/assets/products/samsung-oled/s20-plus/video-01.mp4,yes,yes,1100,1025,1100,1025,yes,yes,OK,OK,OK,Activo,app/products.json|website:data/products.generated.js|HAODE_Lista_de_Precios_2026-09-24.xlsx · 2026-09-24,2026-09-24
samsung-oled-s21-ultra,Pantalla para Samsung S21 Ultra,Pantallas Samsung OLED,Samsung S21 Ultra OLED CON MARCO,Pantalla OLED con marco para reparación de Samsung S21 Ultra. Cotiza cantidad y confirma compatibilidad antes del pedido por WhatsApp.,1365,1275,/assets/products/samsung-oled/s21-ultra/main.jpg,/assets/products/samsung-oled/s21-ultra/video-01.mp4,yes,yes,1365,1275,1365,1275,yes,yes,OK,OK,OK,Activo,app/products.json|website:data/products.generated.js|HAODE_Lista_de_Precios_2026-09-24.xlsx · 2026-09-24,2026-09-24
samsung-oled-s22-ultra,Pantalla para Samsung S22 Ultra,Pantallas Samsung OLED,Samsung S22 Ultra OLED CON MARCO,Pantalla OLED con marco para reparación de Samsung S22 Ultra. Cotiza cantidad y confirma compatibilidad antes del pedido por WhatsApp.,1340,1250,/assets/products/samsung-oled/s22-ultra/main.jpg,/assets/products/samsung-oled/s22-ultra/video-01.mp4,yes,yes,1340,1250,1340,1250,yes,yes,OK,OK,OK,Activo,app/products.json|website:data/products.generated.js|HAODE_Lista_de_Precios_2026-09-24.xlsx · 2026-09-24,2026-09-24
samsung-oled-s23-ultra,Pantalla para Samsung S23 Ultra,Pantallas Samsung OLED,Samsung S23 Ultra OLED CON MARCO,Pantalla OLED con marco para reparación de Samsung S23 Ultra. Cotiza cantidad y confirma compatibilidad antes del pedido por WhatsApp.,1295,1210,/assets/products/samsung-oled/s23-ultra/main.jpg,/assets/products/samsung-oled/s23-ultra/video-01.mp4,yes,yes,1295,1210,1295,1210,yes,yes,OK,OK,OK,Activo,app/products.json|website:data/products.generated.js|HAODE_Lista_de_Precios_2026-09-24.xlsx · 2026-09-24,2026-09-24
samsung-oled-s24-ultra,Pantalla para Samsung S24 Ultra,Pantallas Samsung OLED,Samsung S24 Ultra OLED CON MARCO,Pantalla OLED con marco para reparación de Samsung S24 Ultra. Cotiza cantidad y confirma compatibilidad antes del pedido por WhatsApp.,1525,1425,/assets/products/samsung-oled/s24-ultra/main.jpg,/assets/products/samsung-oled/s24-ultra/video-01.mp4,yes,yes,1525,1425,1525,1425,yes,yes,OK,OK,OK,Activo,app/products.json|website:data/products.generated.js|HAODE_Lista_de_Precios_2026-09-24.xlsx · 2026-09-24,2026-09-24
samsung-oled-s25-ultra,Pantalla para Samsung S25 Ultra,Pantallas Samsung OLED,Samsung S25 Ultra OLED CON MARCO,Pantalla OLED con marco para reparación de Samsung S25 Ultra. Cotiza cantidad y confirma compatibilidad antes del pedido por WhatsApp.,2080,1945,/assets/products/samsung-oled/s25-ultra/main.jpg,/assets/products/samsung-oled/s25-ultra/video-01.mp4,yes,yes,2080,1945,2080,1945,yes,yes,OK,OK,OK,Activo,app/products.json|website:data/products.generated.js|HAODE_Lista_de_Precios_2026-09-24.xlsx · 2026-09-24,2026-09-24
samsung-original-note-20-ultra,Pantalla para Samsung Note 20 Ultra,Pantallas Samsung Original,Samsung Note 20 Ultra TIPO ORIGINAL CON MARCO,Pantalla TIPO ORIGINAL C/M para reparación de Samsung NOTE 20 Ultra. Cotiza cantidad y confirma compatibilidad por WhatsApp.,2870,2680,/assets/products/placeholder.svg,,yes,yes,2870,2680,2870,2680,placeholder_authorized,no,OK,OK,imagen_pendiente,Activo,app/products.json|HAODE_Lista_de_Precios_2026-09-24.xlsx · 2026-09-24,2026-09-24
samsung-original-s21-ultra,Pantalla para Samsung S21 Ultra,Pantallas Samsung Original,Samsung S21 Ultra TIPO ORIGINAL CON MARCO,Pantalla TIPO ORIGINAL C/M para reparación de Samsung S21 Ultra. Cotiza cantidad y confirma compatibilidad por WhatsApp.,2720,2540,/assets/products/samsung-original/s21-ultra/main.jpg,,yes,yes,2720,2540,2720,2540,yes,no,OK,OK,video_faltante,Activo,app/products.json|HAODE_Lista_de_Precios_2026-09-24.xlsx · 2026-09-24,2026-09-24
samsung-original-s22-plus,Pantalla para Samsung S22 Plus,Pantallas Samsung Original,Samsung S22 Plus TIPO ORIGINAL CON MARCO,Pantalla TIPO ORIGINAL C/M para reparación de Samsung S22 PLUS. Cotiza cantidad y confirma compatibilidad por WhatsApp.,1320,1230,/assets/products/samsung-original/s22-plus/main.png,,yes,yes,1320,1230,1320,1230,yes,no,OK,OK,video_faltante,Activo,app/products.json|HAODE_Lista_de_Precios_2026-09-24.xlsx · 2026-09-24,2026-09-24
samsung-original-s22-ultra,Pantalla para Samsung S22 Ultra,Pantallas Samsung Original,Samsung S22 Ultra TIPO ORIGINAL CON MARCO,Pantalla TIPO ORIGINAL C/M para reparación de Samsung S22 Ultra. Cotiza cantidad y confirma compatibilidad por WhatsApp.,2850,2660,/assets/products/samsung-original/s22-ultra/main.jpg,,yes,yes,2850,2660,2850,2660,yes,no,OK,OK,video_faltante,Activo,app/products.json|HAODE_Lista_de_Precios_2026-09-24.xlsx · 2026-09-24,2026-09-24
samsung-original-s23-plus,Pantalla para Samsung S23 Plus,Pantallas Samsung Original,Samsung S23 Plus TIPO ORIGINAL CON MARCO,Pantalla TIPO ORIGINAL C/M para reparación de Samsung S23 PLUS. Cotiza cantidad y confirma compatibilidad por WhatsApp.,1320,1230,/assets/products/samsung-original/s23-plus/main.png,,yes,yes,1320,1230,1320,1230,yes,no,OK,OK,video_faltante,Activo,app/products.json|HAODE_Lista_de_Precios_2026-09-24.xlsx · 2026-09-24,2026-09-24
samsung-original-s23-ultra,Pantalla para Samsung S23 Ultra,Pantallas Samsung Original,Samsung S23 Ultra TIPO ORIGINAL CON MARCO,Pantalla TIPO ORIGINAL C/M para reparación de Samsung S23 Ultra. Cotiza cantidad y confirma compatibilidad por WhatsApp.,2570,2395,/assets/products/samsung-original/s23-ultra/main.jpg,,yes,yes,2570,2395,2570,2395,yes,no,OK,OK,video_faltante,Activo,app/products.json|HAODE_Lista_de_Precios_2026-09-24.xlsx · 2026-09-24,2026-09-24
samsung-original-s24-ultra,Pantalla para Samsung S24 Ultra,Pantallas Samsung Original,Samsung S24 Ultra TIPO ORIGINAL CON MARCO,Pantalla TIPO ORIGINAL C/M para reparación de Samsung S24 Ultra. Cotiza cantidad y confirma compatibilidad por WhatsApp.,2660,2480,/assets/products/samsung-original/s24-ultra/main.png,,yes,yes,2660,2480,2660,2480,yes,no,OK,OK,video_faltante,Activo,app/products.json|HAODE_Lista_de_Precios_2026-09-24.xlsx · 2026-09-24,2026-09-24
samsung-original-s25-ultra,Pantalla para Samsung S25 Ultra,Pantallas Samsung Original,Samsung S25 Ultra TIPO ORIGINAL CON MARCO,Pantalla TIPO ORIGINAL C/M para reparación de Samsung S25 Ultra. Cotiza cantidad y confirma compatibilidad por WhatsApp.,2650,2475,/assets/products/samsung-original/s25-ultra/main.png,,yes,yes,2650,2475,2650,2475,yes,no,OK,OK,video_faltante,Activo,app/products.json|HAODE_Lista_de_Precios_2026-09-24.xlsx · 2026-09-24,2026-09-24
samsung-original-z-flip3,Pantalla para Samsung Z Flip3,Pantallas Samsung Original,Samsung Z Flip3 TIPO ORIGINAL CON MARCO,Pantalla TIPO ORIGINAL C/M para reparación de Samsung Z FLIP3. Cotiza cantidad y confirma compatibilidad por WhatsApp.,2930,2735,/assets/products/samsung-original/z-flip3/main.png,,yes,yes,2930,2735,2930,2735,yes,no,OK,OK,OK,Activo,app/products.json|HAODE_Lista_de_Precios_2026-09-24.xlsx · 2026-09-24,2026-09-24
samsung-original-z-flip4,Pantalla para Samsung Z Flip4,Pantallas Samsung Original,Samsung Z Flip4 TIPO ORIGINAL CON MARCO,Pantalla TIPO ORIGINAL C/M para reparación de Samsung Z FLIP4. Cotiza cantidad y confirma compatibilidad por WhatsApp.,3300,3080,/assets/products/samsung-original/z-flip4/main.png,,yes,yes,3300,3080,3300,3080,yes,no,OK,OK,OK,Activo,app/products.json|HAODE_Lista_de_Precios_2026-09-24.xlsx · 2026-09-24,2026-09-24
samsung-original-z-flip5,Pantalla para Samsung Z Flip5,Pantallas Samsung Original,Samsung Z Flip5 TIPO ORIGINAL CON MARCO,Pantalla TIPO ORIGINAL C/M para reparación de Samsung Z FLIP5. Cotiza cantidad y confirma compatibilidad por WhatsApp.,4060,3790,/assets/products/samsung-original/z-flip5/main.png,,yes,yes,4060,3790,4060,3790,yes,no,OK,OK,OK,Activo,app/products.json|HAODE_Lista_de_Precios_2026-09-24.xlsx · 2026-09-24,2026-09-24
samsung-original-z-flip6,Pantalla para Samsung Z Flip6,Pantallas Samsung Original,Samsung Z Flip6 TIPO ORIGINAL CON MARCO,Pantalla TIPO ORIGINAL C/M para reparación de Samsung Z FLIP6. Cotiza cantidad y confirma compatibilidad por WhatsApp.,4690,4380,/assets/products/samsung-original/z-flip6/main.png,,yes,yes,4690,4380,4690,4380,yes,no,OK,OK,OK,Activo,app/products.json|HAODE_Lista_de_Precios_2026-09-24.xlsx · 2026-09-24,2026-09-24
samsung-original-z-flip7,Pantalla Samsung Z Flip7,Pantallas Samsung Original,Samsung Z Flip7 TIPO ORIGINAL CON MARCO,Pantalla TIPO ORIGINAL C/M para reparación de Samsung Z FLIP7. Cotiza cantidad y confirma compatibilidad por WhatsApp. Producto bajo pedido.,5325,4970,/assets/products/samsung-original/z-flip7/main.png,,yes,yes,5325,4970,5325,4970,yes,no,OK,OK,OK,Activo,app/products.json|HAODE_Lista_de_Precios_2026-09-24.xlsx · 2026-09-24,2026-09-24
samsung-original-z-fold3,Pantalla Samsung Z Fold3,Pantallas Samsung Original,Samsung Z Fold3 TIPO ORIGINAL CON MARCO,Pantalla ORIGINAL C/M para reparación de Samsung Z FOLD3. Cotiza cantidad y confirma compatibilidad por WhatsApp. Producto bajo pedido.,4100,3825,/assets/products/samsung-original/z-fold3/main.png,,yes,yes,4100,3825,4100,3825,yes,no,OK,OK,video_faltante,Activo,app/products.json|HAODE_Lista_de_Precios_2026-09-24.xlsx · 2026-09-24,2026-09-24
samsung-original-z-fold4,Pantalla Samsung Z Fold4,Pantallas Samsung Original,Samsung Z Fold4 TIPO ORIGINAL CON MARCO,Pantalla ORIGINAL C/M para reparación de Samsung Z FOLD4. Cotiza cantidad y confirma compatibilidad por WhatsApp. Producto bajo pedido.,5585,5215,/assets/products/samsung-original/z-fold4/main.png,,yes,yes,5585,5215,5585,5215,yes,no,OK,OK,video_faltante,Activo,app/products.json|HAODE_Lista_de_Precios_2026-09-24.xlsx · 2026-09-24,2026-09-24
samsung-original-z-fold5,Pantalla Samsung Z Fold5,Pantallas Samsung Original,Samsung Z Fold5 TIPO ORIGINAL CON MARCO,Pantalla ORIGINAL C/M para reparación de Samsung Z FOLD5. Cotiza cantidad y confirma compatibilidad por WhatsApp. Producto bajo pedido.,7440,6945,/assets/products/samsung-original/z-fold5/main.png,,yes,yes,7440,6945,7440,6945,yes,no,OK,OK,video_faltante,Activo,app/products.json|HAODE_Lista_de_Precios_2026-09-24.xlsx · 2026-09-24,2026-09-24
samsung-original-z-fold6,Pantalla Samsung Z Fold6,Pantallas Samsung Original,Samsung Z Fold6 TIPO ORIGINAL CON MARCO,Pantalla ORIGINAL C/M para reparación de Samsung Z FOLD6. Cotiza cantidad y confirma compatibilidad por WhatsApp. Producto bajo pedido.,11455,10690,/assets/products/samsung-original/z-fold6/main.png,,yes,yes,11455,10690,11455,10690,yes,no,OK,OK,video_faltante,Activo,app/products.json|HAODE_Lista_de_Precios_2026-09-24.xlsx · 2026-09-24,2026-09-24
